Familia;Vivienda1;Vivienda2;Vivienda3;Vivienda4
1;14;21;43;64
2;14;32;52;60
3;15;34;52;68
4;14;34;42;69
5;15;27;52;58
6;15;31;54;58
7;14;21;49;58
8;12;31;50;60
9;17;30;42;59
10;11;22;54;64
11;14;32;52;57
12;17;28;44;65
13;17;22;49;67
14;11;33;49;59
15;17;22;44;64
16;15;32;43;67
17;15;22;46;67
18;17;24;46;62
19;17;35;50;68
20;17;31;50;63
21;16;32;42;70
22;12;28;53;69
23;16;31;51;69
24;13;21;52;60
25;16;32;42;57
26;16;24;55;65
27;12;27;43;56
28;15;22;52;67
29;13;33;46;64
30;16;32;55;67
31;14;25;43;57
32;15;24;44;69
33;12;27;54;57
34;14;23;52;56
35;17;35;51;66
36;12;30;45;62
37;13;21;52;63
38;16;22;52;68
39;14;26;49;58
40;13;34;52;61
41;14;34;50;58
42;16;30;46;63
43;17;34;53;59
44;16;24;55;62
45;16;21;52;70
46;14;34;42;60
47;14;35;53;69
48;17;33;42;67
49;13;23;42;66
50;13;23;52;66
51;17;24;48;61
52;13;34;47;70
53;16;34;42;68
54;14;26;52;57
55;12;28;55;66
56;17;26;42;70
57;13;33;56;65
58;13;34;51;66
59;15;31;48;61
60;13;33;51;59
61;11;35;46;66
62;12;32;56;70
63;15;27;55;69
64;16;24;47;57
65;13;28;46;57
66;16;34;48;64
67;16;24;46;57
68;16;35;54;57
69;16;31;46;68
70;17;21;47;65
71;14;30;42;57
72;14;31;52;65
73;12;26;49;64
74;15;30;44;65
75;15;31;44;65
76;11;25;53;65
77;17;27;55;57
78;16;26;55;56
79;11;30;51;66
80;15;23;48;60
81;12;35;44;66
82;12;35;49;70
83;17;32;42;61
84;12;32;50;57
85;13;31;42;68
86;14;34;48;56
87;17;29;42;63
88;14;33;43;68
89;13;21;50;61
90;17;25;47;69
91;11;23;42;68
92;12;31;46;58
93;16;32;53;65
94;15;28;51;60
95;15;28;47;69
96;13;27;43;56
97;16;21;50;60
98;16;31;49;61
99;15;27;51;65
100;16;34;53;64
101;11;21;44;61
102;17;28;52;69
103;17;23;48;67
104;12;31;50;62
105;12;21;51;65
106;16;31;47;58
107;12;21;48;59
108;13;33;53;66
109;11;34;56;69
110;16;25;45;62
111;15;35;52;63
112;12;26;52;61
113;16;25;44;57
114;11;31;42;60
115;14;23;47;62
116;17;32;48;59
117;14;30;48;60
118;11;22;51;62
119;11;26;46;63
120;15;28;54;69
121;12;29;50;57
122;11;28;48;58
123;14;26;43;68
124;13;25;42;56
125;15;23;43;70
126;15;29;51;69
127;17;26;53;65
128;13;27;48;68
129;16;24;47;61
130;15;31;46;61
131;16;26;47;56
132;15;22;46;65
133;15;22;42;67
134;14;28;51;62
135;16;22;51;62
136;13;23;56;65
137;13;22;50;67
138;11;27;51;64
139;12;33;51;64
140;17;21;44;66
141;14;23;50;57
142;12;24;53;61
143;13;35;44;59
144;11;23;53;57
145;14;35;43;69
146;11;22;44;62
147;15;21;47;57
148;12;27;42;58
149;11;27;50;59
150;16;33;54;56
151;14;35;44;61
152;12;30;52;66
153;13;25;48;68
154;14;29;52;65
155;14;35;55;63
156;12;27;49;63
157;17;31;50;64
158;13;23;55;59
159;13;35;44;58
160;11;30;46;65
161;15;35;53;63
162;17;24;49;63
163;14;25;43;62
164;16;30;50;66
165;13;27;55;68
166;17;35;50;61
167;16;21;43;70
168;14;22;44;63
169;15;26;56;56
170;14;22;51;57
171;16;34;56;69
172;15;21;53;57
173;11;33;54;70
174;17;34;56;59
175;11;35;45;67
176;15;27;47;67
177;11;32;51;64
178;12;33;45;56
179;16;32;54;60
180;13;35;56;62
181;15;26;50;68
182;14;32;54;59
183;12;34;54;61
184;12;21;46;57
185;12;27;45;66
186;15;28;52;64
187;17;30;52;58
188;16;23;50;60
189;13;26;54;67
190;14;34;56;58
191;17;22;50;60
192;16;32;44;61
193;15;29;50;58
194;16;31;52;62
195;15;29;46;62
196;15;28;48;67
197;15;26;46;67
198;12;35;46;69
199;16;26;55;60
200;15;27;56;66
201;14;33;51;64
202;11;32;44;67
203;17;32;46;58
204;12;27;53;61
205;15;25;46;65
206;16;22;48;63
207;13;24;50;60
208;14;29;43;57
209;17;25;50;65
210;11;31;47;69
211;14;30;53;68
212;11;34;52;69
213;15;30;44;63
214;12;33;50;63
215;12;32;53;56
216;13;27;44;56
217;13;21;50;60
218;15;35;42;66
219;17;30;45;60
220;17;35;47;59
221;11;32;56;58
222;12;34;47;57
223;13;32;42;57
224;14;25;52;67
225;11;33;51;63
226;15;24;50;60
227;11;34;48;65
228;17;23;45;66
229;12;28;54;70
230;16;26;46;67
231;16;33;44;69
232;14;22;47;66
233;12;33;50;67
234;16;32;45;64
235;13;30;42;59
236;17;35;46;65
237;17;24;54;58
238;12;26;45;69
239;11;22;47;66
240;11;28;46;59
241;16;28;53;67
242;12;32;50;69
243;13;30;53;68
244;14;25;46;61
245;15;34;52;66
246;12;28;46;62
247;11;30;54;61
248;13;33;54;67
249;16;31;55;61
250;15;33;43;66
251;12;28;42;57
252;13;22;45;63
253;13;29;50;59
254;14;26;48;64
255;14;30;50;59
256;14;31;53;67
257;17;29;50;64
258;11;29;50;56
259;16;24;49;61
260;12;29;47;62
261;16;26;44;61
262;12;30;43;60
263;14;28;46;70
264;15;26;52;58
265;17;32;55;64
266;13;25;45;57
267;13;25;42;64
268;12;30;46;68
269;11;30;47;65
270;12;23;46;67
271;13;27;43;65
272;12;24;47;66
273;12;34;56;70
274;14;33;47;63
275;13;22;54;65
276;12;21;45;68
277;14;27;55;66
278;14;29;43;57
279;11;24;47;60
280;12;26;52;59
281;12;30;42;56
282;13;27;55;66
283;15;32;47;60
284;11;35;53;66
285;16;34;53;67
286;12;23;50;60
287;14;32;43;69
288;13;27;53;66
289;15;35;52;65
290;12;28;45;66
291;12;23;43;56
292;16;24;54;58
293;15;22;43;68
294;11;21;53;69
295;12;24;46;56
296;14;35;50;66
297;13;25;50;67
298;13;34;51;62
299;16;30;55;59
300;14;26;50;66
301;17;29;49;68
302;17;34;54;60
303;17;30;54;60
304;12;22;56;70
305;16;29;47;65
306;13;32;44;67
307;17;32;49;59
308;15;32;50;69
309;13;35;49;57
310;13;34;49;64
311;16;30;56;68
312;16;23;42;62
313;11;26;56;59
314;11;21;46;70
315;13;31;43;66
316;13;31;48;64
317;16;23;45;62
318;11;26;49;58
319;11;32;52;68
320;17;21;44;67
321;17;34;46;57
322;15;34;50;70
323;15;21;50;60
324;14;25;45;57
325;13;28;48;66
326;11;23;54;66
327;14;28;51;65
328;12;22;54;57
329;14;35;47;67
330;14;25;48;70
331;12;30;49;61
332;16;34;56;57
333;15;33;53;59
334;13;26;54;70
335;14;35;47;66
336;15;24;54;70
337;17;31;51;60
338;12;25;50;59
339;12;23;51;70
340;13;30;49;70
341;12;35;46;65
342;14;32;47;69
343;14;33;51;60
344;16;24;49;57
345;15;34;55;62
346;17;33;42;62
347;11;33;50;60
348;11;23;54;58
349;15;34;50;60
350;12;31;46;64
351;14;25;44;67
352;16;33;42;62
353;16;29;48;63
354;11;21;52;61
355;17;30;43;57
356;17;28;48;60
357;11;22;44;57
358;11;34;48;58
359;17;32;45;69
360;11;34;56;67
361;16;29;54;57
362;12;30;53;58
363;13;35;54;57
364;14;32;55;62
365;17;32;54;65
366;12;34;44;65
367;14;33;43;59
368;11;28;48;59
369;12;29;51;66
370;16;34;42;66
371;16;22;44;63
372;12;30;49;70
373;17;33;52;59
374;15;24;48;66
375;17;35;52;69
376;13;23;54;59
377;17;29;49;65
378;11;32;48;60
379;11;27;55;68
380;14;23;56;59
381;11;34;46;67
382;14;32;44;62
383;17;34;46;66
384;12;26;47;66
385;15;33;47;64
386;12;31;42;70
387;16;32;56;57
388;13;22;52;70
389;11;29;50;65
390;15;21;53;59
391;13;35;51;68
392;17;21;55;58
393;16;22;53;61
394;15;28;50;69
395;12;27;43;56
396;12;22;44;70
397;11;35;47;67
398;14;21;44;67
399;14;33;54;70
400;12;32;47;60
401;15;34;44;63
402;13;27;56;57
403;12;23;53;64
404;17;35;53;59
405;14;34;42;70
406;11;33;50;64
407;16;30;47;65
408;11;24;49;65
409;11;31;55;59
410;11;26;45;56
411;12;31;50;69
412;13;33;44;56
413;13;24;44;64
414;13;31;50;69
415;14;24;45;60
416;12;25;54;69
417;12;29;44;70
418;15;21;42;65
419;13;29;51;57
420;15;32;43;67
421;14;24;46;63
422;14;24;54;62
423;11;26;45;67
424;14;21;52;63
425;13;29;47;66
426;17;29;56;57
427;13;25;43;59
428;15;30;49;70
429;17;35;55;63
430;15;28;55;66
431;16;30;53;70
432;17;31;54;57
433;14;21;51;60
434;13;26;55;61
435;17;34;50;56
436;17;28;53;62
437;14;29;51;64
438;15;29;47;58
439;13;24;52;59
440;13;21;50;65
441;12;32;43;67
442;12;22;55;64
443;17;33;49;58
444;11;24;50;70
445;14;23;47;58
446;11;22;49;66
447;11;31;42;63
448;13;23;46;66
449;14;35;52;58
450;14;33;48;59
451;15;23;43;57
452;13;26;53;60
453;11;22;52;59
454;17;23;43;67
455;13;29;44;61
456;16;25;55;69
457;12;30;54;58
458;11;35;53;56
459;17;30;56;67
460;16;26;50;57
461;12;21;52;65
462;13;24;49;65
463;13;26;50;60
464;11;29;55;69
465;13;30;42;68
466;14;27;54;68
467;13;29;45;64
468;11;35;56;65
469;15;32;54;57
470;13;34;48;70
471;16;28;48;56
472;15;23;51;65
473;17;27;52;67
474;14;25;44;65
475;11;23;54;61
476;17;21;45;59
477;17;30;49;56
478;15;27;47;61
479;13;27;51;70
480;14;32;46;66
481;12;26;54;63
482;16;27;54;70
483;16;22;47;65
484;16;22;49;66
485;13;23;51;67
486;15;32;46;64
487;11;31;53;58
488;17;22;46;70
489;17;33;52;67
490;14;34;44;56
491;15;34;56;66
492;13;34;52;64
493;15;23;56;67
494;16;22;48;63
495;11;27;52;58
496;14;32;50;64
497;12;28;49;62
498;12;34;48;70
499;12;31;48;60
500;16;29;48;66
501;15;35;52;64
502;12;30;47;70
503;12;33;43;57
504;15;34;47;69
505;13;35;50;58
506;13;26;51;66
507;17;35;52;56
508;16;22;47;57
509;12;35;46;61
510;17;30;46;67
511;13;33;45;67
512;13;23;43;59
513;12;23;49;62
514;16;35;48;70
515;11;21;54;65
516;16;21;53;61
517;14;34;55;64
518;13;31;48;69
519;13;29;52;61
520;11;25;49;59
521;12;31;54;57
522;15;34;53;70
523;14;24;51;58
524;15;27;47;59
525;15;23;50;65
526;16;33;55;59
527;13;29;51;69
528;14;32;52;65
529;12;22;45;65
530;12;28;53;61
531;12;33;53;56
532;13;34;56;70
533;15;28;52;64
534;15;33;43;60
535;12;34;52;70
536;17;24;50;57
537;11;28;54;58
538;14;28;44;58
539;13;34;48;58
540;12;28;55;57
541;14;30;50;59
542;17;33;51;70
543;12;31;53;63
544;11;34;54;61
545;11;30;42;56
546;16;29;48;60
547;11;33;48;66
548;14;24;46;68
549;17;21;46;57
550;17;34;42;69
551;11;26;52;69
552;13;24;52;65
553;17;30;56;70
554;11;27;43;61
555;16;28;42;64
556;14;24;43;63
557;17;26;53;58
558;13;31;53;70
559;15;22;49;58
560;17;22;52;68
561;16;21;49;66
562;12;28;48;65
563;16;33;46;59
564;17;25;48;68
565;15;35;46;57
566;11;25;48;61
567;15;33;49;58
568;17;22;50;66
569;12;29;54;62
570;12;33;52;61
571;17;28;49;63
572;11;22;54;60
573;15;27;43;67
574;11;26;56;58
575;12;32;50;58
576;13;35;42;56
577;17;24;56;67
578;12;21;51;64
579;15;32;48;68
580;14;24;43;60
581;14;26;44;59
582;15;32;47;69
583;14;33;56;64
584;15;35;43;66
585;11;21;51;62
586;11;24;45;66
587;15;35;53;61
588;17;31;50;58
589;14;29;47;69
590;14;34;48;57
591;12;26;48;66
592;11;21;49;59
593;14;26;44;61
594;14;25;50;67
595;14;28;43;61
596;16;27;44;60
597;16;26;54;68
598;17;22;56;70
599;16;33;48;68
600;17;34;49;61
601;11;26;49;64
602;16;24;43;61
603;12;29;55;65
604;17;22;52;59
605;13;26;49;70
606;13;33;43;60
607;13;35;45;67
608;14;25;51;57
609;16;26;47;59
610;15;31;49;68
611;15;30;44;59
612;12;23;49;62
613;12;34;56;65
614;14;29;48;70
615;12;23;44;69
616;16;31;48;63
617;11;29;55;56
618;12;24;55;70
619;11;22;43;69
620;15;32;51;65
621;13;31;54;67
622;15;26;44;64
623;15;31;42;58
624;14;35;53;63
625;13;22;44;69
626;16;34;54;59
627;13;35;46;69
628;12;30;55;65
629;16;23;46;57
630;17;26;55;60
631;14;23;44;69
632;12;26;56;58
633;16;34;55;60
634;12;35;48;58
635;14;34;48;63
636;11;34;56;61
637;17;32;53;59
638;12;33;55;60
639;17;21;47;63
640;13;27;54;68
641;12;27;55;70
642;13;28;56;66
643;14;26;43;66
644;11;21;47;57
645;11;26;50;69
646;17;25;45;62
647;15;32;55;66
648;11;22;50;67
649;17;35;51;56
650;16;32;53;56
651;16;27;48;60
652;13;30;43;66
653;15;29;45;60
654;14;28;52;57
655;11;24;45;68
656;15;24;54;61
657;17;33;52;65
658;13;24;52;59
659;13;22;49;61
660;11;33;49;60
661;12;23;48;62
662;17;23;49;62
663;12;26;43;56
664;13;27;42;64
665;15;31;50;69
666;15;25;42;70
667;17;23;53;56
668;13;24;54;66
669;13;27;43;67
670;11;34;47;62
671;14;26;46;69
672;11;28;51;56
673;16;31;53;57
674;12;32;47;68
675;11;22;45;67
676;11;30;55;62
677;17;30;46;66
678;16;27;49;63
679;14;22;51;61
680;15;22;51;61
681;11;30;51;56
682;11;32;56;61
683;14;22;53;59
684;16;24;52;59
685;13;32;55;68
686;15;35;47;58
687;17;24;43;56
688;13;21;55;59
689;12;29;48;68
690;13;28;42;60
691;15;28;46;68
692;13;32;56;69
693;15;28;54;69
694;17;27;56;58
695;12;21;44;58
696;17;22;42;62
697;16;27;50;67
698;16;27;43;69
699;16;30;42;69
700;16;23;44;63
701;11;25;51;65
702;12;24;51;59
703;11;26;51;56
704;11;30;48;67
705;15;31;47;64
706;12;25;46;60
707;15;23;52;65
708;12;25;50;64
709;17;34;42;65
710;17;32;44;60
711;12;22;49;69
712;16;21;51;63
713;16;26;44;65
714;16;34;48;69
715;16;25;42;56
716;15;21;45;70
717;15;21;53;56
718;11;25;47;69
719;11;30;50;58
720;14;35;44;56
721;14;33;44;56
722;13;22;43;63
723;14;21;45;57
724;12;35;48;61
725;15;26;50;57
726;14;26;52;59
727;11;30;50;67
728;11;22;54;68
729;12;25;49;61
730;15;26;52;68
731;12;28;54;61
732;16;21;43;58
733;15;25;45;56
734;13;23;51;68
735;11;21;50;57
736;11;29;54;65
737;13;33;45;56
738;11;31;42;64
739;12;35;45;63
740;11;25;54;62
741;11;33;56;60
742;16;34;44;65
743;11;24;43;59
744;14;31;47;57
745;16;31;43;70
746;12;22;44;60
747;17;34;47;58
748;16;27;53;62
749;14;30;45;60
750;15;27;52;64
751;17;25;51;68
752;12;22;49;56
753;14;26;49;60
754;16;22;46;59
755;16;22;42;58
756;14;23;49;68
757;11;32;46;67
758;12;29;46;67
759;16;29;42;60
760;14;30;55;66
761;11;30;44;68
762;13;30;44;66
763;14;30;56;66
764;17;27;45;64
765;16;24;54;58
766;14;35;45;69
767;14;24;52;63
768;11;23;44;69
769;13;21;47;68
770;16;30;42;58
771;17;23;51;67
772;15;24;42;70
773;17;28;54;58
774;16;31;42;70
775;11;32;48;59
776;13;33;45;56
777;14;27;55;69
778;16;33;45;64
779;16;34;43;66
780;15;28;56;65
781;14;21;49;65
782;14;29;42;58
783;16;27;47;68
784;15;33;49;63
785;17;28;46;70
786;12;28;50;62
787;16;31;49;67
788;11;34;46;65
789;17;33;48;62
790;15;33;47;68
791;12;34;46;63
792;12;23;46;68
793;16;30;54;68
794;17;22;42;62
795;14;22;45;58
796;17;25;45;70
797;16;22;54;59
798;14;24;51;57
799;13;27;42;60
800;11;22;49;62
801;16;24;44;62
802;13;23;47;59
803;14;22;49;59
804;13;35;55;66
805;15;22;48;68
806;12;35;43;68
807;16;24;46;67
808;17;21;48;70
809;14;33;42;68
810;12;35;46;64
811;16;32;54;68
812;14;32;52;67
813;15;34;51;60
814;15;33;47;63
815;14;28;43;58
816;16;29;43;60
817;13;34;45;61
818;14;35;56;59
819;14;22;44;68
820;15;32;54;60
821;12;35;53;58
822;15;26;52;68
823;13;21;53;59
824;16;29;48;58
825;13;25;53;56
826;17;30;43;61
827;17;31;55;64
828;13;30;45;63
829;13;32;52;66
830;12;23;45;58
831;13;24;51;56
832;13;28;51;65
833;11;23;42;60
834;14;32;47;58
835;17;31;50;62
836;11;30;48;57
837;13;27;52;68
838;16;24;53;59
839;16;31;54;56
840;13;22;46;64
841;17;21;49;61
842;16;26;52;60
843;16;32;48;66
844;16;22;43;65
845;17;27;51;64
846;13;32;54;67
847;14;26;54;57
848;12;30;46;70
849;15;25;53;65
850;14;24;52;65
851;13;35;46;58
852;16;29;49;66
853;11;34;44;67
854;12;21;51;66
855;16;29;42;66
856;13;29;49;60
857;11;29;43;69
858;14;27;49;65
859;17;31;46;61
860;14;22;55;67
861;11;27;55;58
862;16;34;48;60
863;13;29;51;56
864;14;27;42;68
865;12;22;49;60
866;12;24;49;64
867;16;25;51;67
868;11;27;48;61
869;14;24;50;56
870;12;30;46;68
871;12;23;46;58
872;14;29;48;59
873;11;23;52;57
874;14;26;42;67
875;11;35;54;66
876;13;27;49;64
877;11;21;50;68
878;13;28;49;64
879;12;35;51;68
880;16;21;44;64
881;16;33;53;64
882;17;35;45;61
883;12;24;53;70
884;12;26;53;70
885;17;26;44;63
886;17;27;49;67
887;14;22;46;70
888;12;28;43;68
889;16;31;56;64
890;13;27;51;61
891;15;29;48;64
892;13;33;44;67
893;12;27;54;61
894;11;25;55;60
895;13;26;49;60
896;16;34;52;61
897;13;24;52;66
898;16;28;55;56
899;17;22;51;56
900;12;26;46;66
901;16;30;49;68
902;11;31;56;62
903;17;34;50;57
904;17;31;53;64
905;15;34;44;63
906;16;35;55;65
907;14;28;47;68
908;12;27;51;64
909;11;35;42;61
910;17;29;54;68
911;14;30;42;61
912;16;35;55;67
913;12;25;47;64
914;15;23;45;70
915;16;35;46;68
916;12;32;53;70
917;14;30;44;61
918;12;21;51;59
919;17;25;50;63
920;17;24;42;59
921;11;28;49;62
922;14;31;50;56
923;11;27;51;66
924;12;32;56;66
925;14;22;53;61
926;15;28;47;66
927;14;29;55;64
928;14;25;44;68
929;12;22;42;64
930;13;22;49;66
931;13;21;50;70
932;16;21;46;59
933;15;33;48;70
934;14;32;54;70
935;12;33;52;56
936;16;24;45;57
937;11;34;49;70
938;16;21;45;70
939;13;28;56;69
940;11;26;43;66
941;17;29;54;58
942;14;27;45;56
943;11;23;46;62
944;15;25;48;58
945;11;29;48;65
946;13;26;48;62
947;17;32;47;59
948;15;24;51;56
949;17;24;55;60
950;12;34;44;58
951;16;31;43;64
952;15;28;44;58
953;11;22;54;60
954;13;31;55;61
955;13;29;55;68
956;11;32;49;58
957;11;28;43;69
958;11;29;52;58
959;13;34;50;70
960;14;31;55;56
961;11;27;49;61
962;17;34;45;57
963;14;22;48;61
964;14;29;45;58
965;17;34;55;59
966;17;27;53;63
967;13;34;52;69
968;14;34;54;59
969;14;21;50;65
970;15;25;48;62
971;17;28;43;60
972;12;35;47;67
973;13;32;47;65
974;12;35;42;62
975;11;22;56;66
976;14;23;47;59
977;13;28;55;60
978;14;22;48;70
979;11;22;53;60
980;13;33;49;60
981;13;28;49;64
982;17;34;50;63
983;17;22;52;63
984;16;30;52;60
985;14;28;54;69
986;11;31;46;66
987;15;24;49;56
988;12;27;46;60
989;12;35;56;68
990;15;33;52;69
991;17;28;42;63
992;15;24;52;61
993;16;23;42;57
994;16;30;52;56
995;16;32;53;61
996;17;21;56;67
997;17;33;45;61
998;12;30;45;60
999;17;35;44;67
1000;12;29;49;58
1001;14;24;53;65
1002;17;25;46;62
1003;17;27;55;59
1004;17;30;43;58
1005;14;22;45;69
1006;17;30;48;60
1007;16;22;43;63
1008;14;25;54;65
1009;13;32;46;68
1010;17;22;46;66
1011;14;23;50;67
1012;17;33;45;63
1013;15;21;56;56
1014;17;21;54;56
1015;14;33;56;60
1016;11;28;51;60
1017;13;23;44;56
1018;14;24;50;60
1019;11;24;56;63
1020;14;28;46;60
1021;13;34;54;67
1022;12;23;51;63
1023;12;22;51;59
1024;13;31;54;65
1025;11;27;44;66
1026;12;32;47;67
1027;13;21;47;64
1028;17;28;55;66
1029;11;21;48;67
1030;13;26;50;63
1031;13;25;55;68
1032;14;23;53;67
1033;12;26;54;63
1034;12;27;51;65
1035;17;23;43;64
1036;12;21;56;60
1037;17;21;52;61
1038;11;29;47;62
1039;16;29;49;67
1040;12;29;46;60
1041;12;35;43;60
1042;16;22;42;67
1043;15;31;49;61
1044;12;23;55;65
1045;14;30;43;69
1046;13;31;54;61
1047;16;25;46;61
1048;15;27;46;62
1049;15;28;47;56
1050;15;21;44;60
1051;12;29;56;66
1052;14;33;55;58
1053;13;31;42;56
1054;16;21;43;58
1055;12;23;49;70
1056;15;22;56;60
1057;14;35;42;57
1058;16;21;52;69
1059;14;27;44;62
1060;12;22;45;65
1061;15;22;54;56
1062;12;34;46;65
1063;14;25;47;65
1064;12;32;52;63
1065;15;25;47;62
1066;16;23;55;64
1067;17;21;52;59
1068;11;32;50;68
1069;15;21;51;66
1070;12;30;52;63
1071;15;22;42;67
1072;11;22;52;57
1073;11;27;46;65
1074;15;32;51;58
1075;17;25;56;63
1076;12;24;50;62
1077;15;27;49;58
1078;15;33;51;66
1079;14;23;42;68
1080;15;32;46;56
1081;15;22;46;67
1082;17;24;50;61
1083;13;24;46;57
1084;12;31;45;69
1085;16;32;46;67
1086;13;34;48;69
1087;17;34;47;67
1088;16;24;50;60
1089;14;32;48;67
1090;15;33;56;64
1091;12;35;45;60
1092;12;31;53;61
1093;14;29;50;63
1094;13;26;53;68
1095;16;31;51;58
1096;12;28;54;64
1097;12;35;44;61
1098;15;34;48;65
1099;15;22;44;65
1100;14;25;46;63
1101;16;28;49;65
1102;16;21;56;69
1103;14;33;48;66
1104;16;33;50;66
1105;17;26;55;63
1106;14;28;50;61
1107;14;35;55;61
1108;14;22;44;67
1109;12;24;42;70
1110;11;23;56;61
1111;14;35;46;61
1112;11;28;54;66
1113;17;25;47;66
1114;12;21;44;59
1115;13;35;46;64
1116;16;23;50;69
1117;13;21;55;63
1118;14;33;49;68
1119;12;26;51;60
1120;11;24;53;69
1121;17;31;44;67
1122;14;28;55;62
1123;14;26;43;70
1124;14;25;50;66
1125;15;35;56;68
1126;14;30;50;66
1127;17;29;53;63
1128;14;26;48;65
1129;17;22;47;67
1130;15;34;52;68
1131;13;32;44;70
1132;16;22;42;56
1133;17;25;54;68
1134;11;33;44;60
1135;13;35;56;61
1136;15;24;48;64
1137;15;32;44;60
1138;11;34;54;70
1139;13;27;45;62
1140;14;33;44;56
1141;13;22;45;63
1142;15;31;44;60
1143;14;34;56;59
1144;13;31;54;69
1145;12;26;48;64
1146;13;27;53;61
1147;14;23;44;67
1148;14;31;51;62
1149;13;29;42;67
1150;15;22;55;59
1151;12;31;46;66
1152;16;31;54;61
1153;15;25;44;63
1154;12;26;49;59
1155;11;34;44;59
1156;17;25;49;58
1157;11;22;52;67
1158;15;31;53;59
1159;17;22;45;56
1160;12;29;44;56
1161;11;31;53;61
1162;16;23;43;69
1163;13;22;44;60
1164;17;32;49;58
1165;12;33;56;58
1166;12;34;51;64
1167;14;22;52;66
1168;15;24;56;65
1169;11;24;47;66
1170;14;31;45;60
1171;13;27;53;65
1172;14;22;45;70
1173;16;27;56;59
1174;17;27;46;67
1175;13;34;49;64
1176;15;35;53;70
1177;17;32;53;61
1178;15;22;45;64
1179;13;25;52;59
1180;14;31;45;57
1181;16;26;51;62
1182;12;24;47;61
1183;12;29;42;63
1184;16;26;45;62
1185;16;26;50;69
1186;16;31;45;66
1187;12;23;53;59
1188;14;26;51;56
1189;16;24;48;63
1190;14;35;51;60
1191;17;26;55;58
1192;16;22;54;56
1193;14;22;50;70
1194;13;22;42;63
1195;16;31;47;58
1196;12;25;53;59
1197;12;34;43;66
1198;12;27;49;58
1199;15;30;50;68
1200;12;22;49;56
1201;16;29;49;68
1202;17;27;54;58
1203;15;32;47;62
1204;13;31;55;64
1205;13;29;48;65
1206;11;22;55;57
1207;17;26;46;70
1208;13;26;51;61
1209;11;30;46;62
1210;11;33;46;56
1211;16;24;42;60
1212;12;30;55;67
1213;12;25;55;57
1214;14;25;48;60
1215;12;30;49;69
1216;16;33;46;63
1217;14;33;42;68
1218;15;25;54;61
1219;12;33;55;63
1220;14;23;42;68
1221;17;29;54;62
1222;13;25;44;65
1223;12;21;46;66
1224;16;24;46;57
1225;13;21;53;59
1226;14;33;50;70
1227;12;35;44;58
1228;16;22;53;69
1229;17;29;49;58
1230;12;26;42;66
1231;14;25;55;68
1232;17;22;48;62
1233;13;29;52;65
1234;15;21;48;67
1235;12;24;50;67
1236;16;22;55;61
1237;11;24;49;66
1238;11;33;43;62
1239;14;22;48;69
1240;15;28;44;62
1241;14;26;44;63
1242;12;22;44;64
1243;13;28;55;63
1244;12;22;45;68
1245;12;22;47;68
1246;14;33;56;60
1247;17;22;47;70
1248;12;33;55;60
1249;13;33;47;59
1250;17;22;44;59
1251;15;31;55;65
1252;17;21;46;70
1253;16;26;47;60
1254;16;23;45;69
1255;12;32;51;67
1256;13;25;49;65
1257;13;29;45;56
1258;13;29;53;69
1259;16;34;51;58
1260;16;27;45;66
1261;17;22;50;70
1262;16;28;54;62
1263;14;22;43;62
1264;13;24;53;56
1265;15;31;45;56
1266;17;24;42;56
1267;17;21;51;56
1268;13;27;50;65
1269;12;28;53;70
1270;14;33;45;61
1271;15;31;52;58
1272;15;21;53;68
1273;12;25;50;64
1274;12;30;56;57
1275;16;24;42;60
1276;12;28;42;61
1277;14;22;45;65
1278;12;30;51;61
1279;14;29;47;66
1280;11;28;42;58
1281;14;24;51;68
1282;17;26;51;66
1283;16;32;44;64
1284;13;33;51;57
1285;11;30;46;57
1286;16;25;56;65
1287;12;24;52;57
1288;16;31;42;65
1289;14;29;53;60
1290;17;23;46;69
1291;12;30;53;58
1292;15;22;43;68
1293;12;26;54;64
1294;12;33;50;64
1295;11;30;47;58
1296;17;27;55;67
1297;12;27;54;69
1298;15;27;56;68
1299;15;26;54;64
1300;16;26;48;63
1301;11;21;47;64
1302;17;29;55;56
1303;17;31;48;70
1304;14;24;45;60
1305;14;27;45;66
1306;12;32;51;67
1307;11;21;56;64
1308;13;34;43;69
1309;17;34;47;63
1310;12;27;46;67
1311;17;23;45;63
1312;11;24;51;61
1313;11;31;56;66
1314;14;34;50;56
1315;14;23;49;58
1316;12;25;51;66
1317;11;32;42;69
1318;17;29;52;62
1319;13;31;42;61
1320;13;31;42;59
1321;12;30;44;65
1322;14;30;54;58
1323;13;22;49;66
1324;11;24;54;57
1325;11;34;50;67
1326;17;33;44;58
1327;16;34;52;57
1328;13;28;47;66
1329;13;26;44;67
1330;11;26;53;64
1331;13;30;49;64
1332;11;26;50;56
1333;14;32;50;66
1334;12;25;42;69
1335;11;35;49;60
1336;16;26;55;61
1337;15;23;51;66
1338;15;34;56;62
1339;15;28;52;62
1340;14;31;47;57
1341;14;30;55;70
1342;16;29;54;69
1343;15;32;54;59
1344;17;25;55;64
1345;17;30;49;66
1346;17;24;47;69
1347;11;22;53;65
1348;13;21;51;64
1349;17;27;50;56
1350;15;33;52;64
1351;14;35;50;70
1352;12;33;50;67
1353;13;32;53;67
1354;11;29;52;66
1355;13;27;47;59
1356;13;32;53;64
1357;17;32;54;63
1358;12;35;55;65
1359;17;33;42;57
1360;12;29;46;70
1361;11;29;50;57
1362;15;26;46;62
1363;15;30;54;70
1364;14;26;45;61
1365;15;28;48;62
1366;17;33;45;63
1367;13;24;48;64
1368;14;30;48;56
1369;16;33;47;60
1370;17;32;54;58
1371;16;34;43;59
1372;16;31;48;57
1373;13;34;47;65
1374;13;29;45;68
1375;11;21;53;66
1376;11;32;53;64
1377;12;28;47;66
1378;16;32;49;60
1379;12;22;47;67
1380;13;28;51;69
1381;11;23;52;63
1382;13;28;52;64
1383;16;28;54;61
1384;11;29;51;66
1385;12;24;52;61
1386;13;31;50;60
1387;15;26;51;58
1388;11;32;49;70
1389;14;30;43;66
1390;14;30;52;64
1391;15;31;53;69
1392;17;28;56;68
1393;11;25;48;70
1394;14;21;48;59
1395;17;32;54;57
1396;16;23;42;56
1397;14;24;52;62
1398;11;32;52;70
1399;15;34;46;70
1400;14;30;44;60
1401;13;29;43;70
1402;13;22;44;70
1403;12;25;46;66
1404;11;29;51;61
1405;13;32;49;68
1406;11;21;55;61
1407;13;27;45;61
1408;12;24;53;67
1409;15;27;42;66
1410;12;23;47;69
1411;16;30;44;60
1412;12;24;47;68
1413;13;28;50;69
1414;14;29;44;57
1415;14;24;52;62
1416;11;24;50;66
1417;15;27;51;66
1418;14;25;54;67
1419;16;31;46;67
1420;11;32;51;70
1421;15;26;53;63
1422;15;25;42;60
1423;17;22;56;62
1424;17;28;50;57
1425;12;28;42;64
1426;13;25;48;64
1427;17;28;56;57
1428;16;27;49;60
1429;17;35;47;70
1430;13;30;48;59
1431;17;22;43;67
1432;14;31;42;56
1433;13;27;49;62
1434;17;34;56;63
1435;13;27;49;65
1436;13;34;53;62
1437;17;30;44;57
1438;11;22;50;56
1439;11;27;43;57
1440;14;24;47;60
1441;11;34;56;63
1442;15;32;45;63
1443;11;35;54;62
1444;15;24;47;66
1445;12;32;49;69
1446;11;26;52;63
1447;16;35;44;69
1448;13;31;53;58
1449;17;31;46;66
1450;16;29;42;70
1451;12;27;56;69
1452;17;29;55;64
1453;15;22;43;69
1454;13;21;43;63
1455;16;34;48;70
1456;14;32;44;58
1457;17;24;51;61
1458;14;24;55;62
1459;15;21;51;61
1460;12;33;47;57
1461;12;26;51;58
1462;13;27;44;68
1463;16;29;55;58
1464;11;35;46;59
1465;16;28;45;56
1466;14;29;48;56
1467;12;30;46;56
1468;16;27;45;63
1469;17;23;52;61
1470;16;28;53;63
1471;15;30;52;64
1472;15;34;43;69
1473;17;29;44;69
1474;12;34;55;58
1475;15;21;49;62
1476;15;21;52;68
1477;13;26;46;66
1478;14;25;42;70
1479;17;23;47;68
1480;12;34;47;67
1481;17;23;54;56
1482;15;30;52;61
1483;13;33;42;66
1484;12;33;53;62
1485;13;33;47;69
1486;12;27;42;67
1487;17;34;49;65
1488;11;24;49;58
1489;15;30;55;68
1490;12;23;53;63
1491;14;24;56;60
1492;15;29;46;63
1493;15;23;47;60
1494;13;25;42;57
1495;13;25;48;59
1496;16;21;47;58
1497;11;22;47;69
1498;12;29;44;58
1499;16;25;44;59
1500;14;21;52;65
1501;13;25;49;58
1502;14;21;55;66
1503;14;27;44;64
1504;12;30;52;56
1505;16;31;45;67
1506;13;26;43;69
1507;13;22;55;56
1508;12;34;42;59
1509;11;32;46;57
1510;12;24;45;63
1511;12;28;49;60
1512;14;22;49;65
1513;14;33;43;60
1514;13;34;48;59
1515;13;27;46;64
1516;17;35;55;58
1517;12;34;47;69
1518;11;26;44;58
1519;17;31;43;64
1520;13;30;49;69
1521;12;27;50;69
1522;12;29;48;69
1523;11;25;53;68
1524;13;34;55;68
1525;13;30;54;62
1526;13;24;55;56
1527;16;24;42;68
1528;17;24;55;57
1529;16;23;47;65
1530;13;33;53;62
1531;12;28;47;62
1532;16;23;42;67
1533;15;21;53;60
1534;15;32;54;60
1535;16;34;55;69
1536;12;35;53;58
1537;17;22;44;59
1538;11;30;52;64
1539;12;28;42;60
1540;11;22;56;61
1541;13;24;51;61
1542;12;30;44;59
1543;17;30;46;58
1544;17;26;51;62
1545;12;35;53;65
1546;11;28;53;68
1547;11;23;42;57
1548;11;35;56;66
1549;15;34;50;65
1550;11;24;56;65
1551;16;21;43;63
1552;11;22;50;57
1553;14;32;45;68
1554;16;22;44;69
1555;11;27;44;69
1556;14;33;45;63
1557;17;31;42;68
1558;17;32;55;60
1559;16;28;50;70
1560;16;35;44;65
1561;16;35;46;63
1562;12;35;53;64
1563;12;35;46;59
1564;14;35;45;68
1565;17;28;49;69
1566;17;22;45;57
1567;14;34;48;70
1568;15;22;54;58
1569;13;27;54;64
1570;13;29;45;58
1571;17;32;50;57
1572;16;28;48;70
1573;14;34;50;58
1574;12;34;47;57
1575;13;33;54;67
1576;11;31;55;68
1577;17;31;46;64
1578;13;32;46;70
1579;17;24;42;63
1580;13;35;43;65
1581;11;23;47;62
1582;14;24;55;68
1583;11;34;46;60
1584;15;21;42;64
1585;12;22;49;69
1586;16;23;48;60
1587;13;35;42;65
1588;17;28;47;59
1589;17;34;54;60
1590;11;26;50;58
1591;15;29;44;63
1592;13;21;47;57
1593;15;30;54;68
1594;16;25;42;60
1595;11;32;49;64
1596;17;35;53;58
1597;14;31;56;66
1598;14;33;54;57
1599;16;35;56;57
1600;14;24;51;59
1601;14;25;51;67
1602;13;29;54;56
1603;14;31;50;69
1604;17;21;42;62
1605;16;32;52;65
1606;11;23;47;58
1607;11;26;53;66
1608;11;28;42;70
1609;12;31;51;66
1610;12;22;56;65
1611;11;26;48;70
1612;16;33;54;56
1613;14;25;53;70
1614;11;31;56;58
1615;16;31;47;57
1616;14;22;48;57
1617;11;25;44;70
1618;12;30;55;60
1619;15;31;44;59
1620;14;35;52;69
1621;12;21;42;60
1622;16;29;43;67
1623;13;31;46;59
1624;13;35;55;60
1625;12;27;47;58
1626;16;34;52;64
1627;13;25;46;58
1628;15;29;48;63
1629;13;33;44;63
1630;11;26;55;63
1631;16;35;44;66
1632;16;29;46;66
1633;14;29;49;59
1634;17;30;48;57
1635;15;28;43;59
1636;12;35;46;60
1637;17;27;53;66
1638;16;28;45;68
1639;14;24;46;56
1640;13;30;49;61
1641;16;23;43;64
1642;13;22;48;64
1643;13;34;46;67
1644;15;26;44;58
1645;17;31;47;69
1646;11;21;50;70
1647;17;35;55;67
1648;14;28;54;66
1649;13;23;45;59
1650;16;35;44;57
1651;13;27;45;66
1652;17;29;53;67
1653;16;24;50;70
1654;11;23;47;61
1655;17;31;49;68
1656;12;31;43;66
1657;13;21;50;60
1658;15;22;55;64
1659;17;29;52;68
1660;11;35;42;70
1661;11;26;50;64
1662;11;35;54;69
1663;17;29;50;59
1664;15;24;47;59
1665;11;27;56;63
1666;14;28;51;63
1667;16;28;42;64
1668;15;21;46;68
1669;15;35;44;68
1670;12;35;55;62
1671;14;31;49;67
1672;14;24;42;59
1673;13;29;54;66
1674;15;25;49;63
1675;15;28;42;70
1676;11;32;56;58
1677;12;24;49;70
1678;16;24;49;67
1679;17;22;53;58
1680;15;34;53;56
1681;17;25;51;57
1682;13;31;45;59
1683;12;34;47;65
1684;16;31;47;66
1685;11;28;44;65
1686;16;32;53;70
1687;12;27;55;67
1688;14;29;54;62
1689;13;24;49;60
1690;16;34;54;64
1691;12;31;48;67
1692;11;31;43;62
1693;15;21;44;63
1694;11;27;45;65
1695;16;28;52;70
1696;14;26;45;59
1697;17;27;49;69
1698;16;28;44;59
1699;16;34;54;63
1700;12;22;52;57
1701;17;32;48;60
1702;17;33;47;69
1703;16;29;46;64
1704;11;33;47;62
1705;17;29;56;57
1706;14;33;42;67
1707;12;26;51;63
1708;15;30;42;56
1709;14;25;45;67
1710;17;30;54;69
1711;16;33;55;68
1712;12;31;43;58
1713;11;21;54;66
1714;16;33;49;66
1715;11;24;44;62
1716;12;22;48;56
1717;12;30;47;67
1718;16;28;42;66
1719;17;32;54;57
1720;17;30;42;62
1721;12;27;47;68
1722;16;25;43;63
1723;14;34;53;69
1724;11;30;56;67
1725;12;31;54;67
1726;15;21;45;70
1727;16;32;49;61
1728;11;28;52;56
1729;16;28;49;63
1730;15;21;55;70
1731;14;28;53;62
1732;14;24;53;68
1733;13;32;42;61
1734;16;26;47;63
1735;12;21;44;65
1736;14;30;48;61
1737;13;31;52;57
1738;13;22;55;68
1739;11;25;52;56
1740;15;34;52;65
1741;14;27;47;59
1742;11;26;54;68
1743;13;22;42;67
1744;17;22;42;58
1745;17;23;54;69
1746;16;33;48;66
1747;12;21;49;59
1748;15;23;46;70
1749;12;27;49;59
1750;17;21;47;57
1751;16;22;44;68
1752;17;28;55;69
1753;12;25;48;67
1754;11;34;48;67
1755;12;33;48;70
1756;12;35;45;69
1757;13;27;43;63
1758;15;29;55;57
1759;13;24;50;64
1760;11;28;44;61
1761;15;35;49;63
1762;15;29;45;60
1763;14;29;43;64
1764;16;31;45;61
1765;17;26;55;62
1766;16;30;55;56
1767;11;35;55;60
1768;14;32;43;69
1769;13;21;48;67
1770;16;26;54;62
1771;12;33;46;60
1772;12;23;43;60
1773;11;28;52;64
1774;14;25;43;64
1775;14;30;49;68
1776;13;33;56;66
1777;14;23;55;64
1778;11;24;43;67
1779;16;29;46;61
1780;13;32;54;61
1781;12;26;42;57
1782;16;26;46;68
1783;12;33;44;61
1784;15;33;55;62
1785;12;34;50;70
1786;11;27;56;61
1787;16;33;53;62
1788;14;33;52;59
1789;14;21;45;60
1790;11;22;52;57
1791;16;23;51;70
1792;12;24;44;60
1793;12;32;53;64
1794;17;25;50;63
1795;14;27;45;61
1796;13;22;51;60
1797;17;33;55;56
1798;16;31;43;69
1799;12;34;53;69
1800;16;21;53;70
1801;17;34;44;65
1802;14;32;49;62
1803;14;34;51;61
1804;15;26;47;67
1805;13;25;50;56
1806;14;35;43;60
1807;11;24;55;61
1808;11;25;43;61
1809;14;25;52;66
1810;11;30;45;64
1811;17;26;47;69
1812;13;26;54;62
1813;13;33;45;69
1814;12;28;45;65
1815;12;21;54;59
1816;16;25;53;70
1817;15;30;50;62
1818;15;32;49;63
1819;16;30;47;66
1820;11;30;49;63
1821;12;28;42;63
1822;14;25;42;70
1823;16;32;53;70
1824;14;30;45;67
1825;15;21;51;62
1826;11;33;44;56
1827;17;33;42;62
1828;16;29;52;68
1829;16;31;45;61
1830;13;22;43;59
1831;14;25;50;66
1832;13;24;42;63
1833;14;30;54;62
1834;15;31;48;69
1835;11;25;49;60
1836;11;27;54;67
1837;17;22;51;62
1838;17;23;44;56
1839;17;31;55;65
1840;13;34;42;64
1841;15;30;51;62
1842;12;30;44;69
1843;17;33;51;60
1844;13;33;42;58
1845;16;30;50;65
1846;17;21;49;59
1847;11;35;49;68
1848;17;29;50;68
1849;14;29;55;60
1850;12;24;56;62
1851;16;31;44;66
1852;11;28;50;68
1853;12;28;48;65
1854;17;32;47;59
1855;12;22;53;57
1856;16;23;48;68
1857;16;31;45;59
1858;12;26;47;66
1859;16;23;56;60
1860;13;33;51;70
1861;16;33;42;56
1862;13;21;52;66
1863;17;25;48;58
1864;13;35;50;70
1865;17;33;43;67
1866;12;33;44;56
1867;11;35;43;70
1868;17;28;45;57
1869;13;25;51;70
1870;12;24;56;66
1871;15;25;49;70
1872;11;21;45;68
1873;13;27;53;61
1874;15;22;42;69
1875;15;25;52;70
1876;17;21;56;61
1877;16;22;51;67
1878;15;28;48;66
1879;17;30;52;68
1880;15;29;49;68
1881;11;33;55;68
1882;14;25;50;58
1883;13;33;52;57
1884;12;24;42;56
1885;12;22;42;66
1886;12;34;42;56
1887;11;26;42;57
1888;13;29;42;70
1889;15;35;50;60
1890;16;35;43;68
1891;13;22;54;61
1892;16;33;42;60
1893;15;28;50;56
1894;14;22;50;68
1895;16;24;56;60
1896;13;33;44;67
1897;12;30;49;60
1898;16;25;51;67
1899;12;24;45;68
1900;12;28;42;63
1901;11;28;49;64
1902;15;21;47;60
1903;13;24;44;66
1904;11;23;46;56
1905;12;27;56;61
1906;14;23;42;65
1907;12;31;45;62
1908;15;35;56;63
1909;16;35;54;58
1910;17;34;50;63
1911;16;30;50;64
1912;16;30;50;63
1913;12;33;44;57
1914;17;25;50;66
1915;11;21;55;56
1916;13;35;53;62
1917;15;34;44;70
1918;13;29;51;60
1919;17;35;55;57
1920;11;31;44;61
1921;11;29;52;64
1922;12;31;48;57
1923;17;33;53;66
1924;15;33;42;66
1925;15;22;42;70
1926;16;29;42;69
1927;11;27;51;70
1928;15;25;47;60
1929;17;31;53;60
1930;16;32;56;63
1931;17;33;53;57
1932;11;22;44;63
1933;16;25;48;69
1934;17;30;55;64
1935;12;22;56;56
1936;12;25;54;58
1937;16;30;55;68
1938;17;24;48;68
1939;14;31;54;69
1940;12;24;49;62
1941;17;27;45;60
1942;12;22;45;62
1943;15;22;51;60
1944;16;29;47;68
1945;15;32;56;60
1946;12;23;54;64
1947;16;29;44;58
1948;17;28;53;67
1949;15;28;46;59
1950;15;31;47;67
1951;14;22;48;64
1952;17;31;52;62
1953;15;25;48;66
1954;11;28;45;61
1955;13;32;48;65
1956;16;35;56;64
1957;16;26;43;62
1958;11;31;54;56
1959;17;24;54;66
1960;17;31;42;57
1961;13;25;56;60
1962;16;21;49;69
1963;13;27;48;70
1964;17;29;54;58
1965;11;29;51;63
1966;15;31;51;63
1967;14;25;45;58
1968;17;35;42;66
1969;12;31;46;70
1970;13;22;56;70
1971;14;34;46;66
1972;14;24;52;59
1973;12;33;47;69
1974;17;33;55;65
1975;15;34;54;66
1976;16;27;43;69
1977;14;33;48;60
1978;15;34;49;66
1979;12;22;43;65
1980;15;21;46;69
1981;12;28;45;57
1982;15;30;52;56
1983;17;28;47;57
1984;17;22;43;69
1985;13;30;50;59
1986;14;24;51;56
1987;13;34;44;63
1988;17;33;44;62
1989;12;34;51;66
1990;12;30;53;62
1991;12;34;54;66
1992;16;29;44;67
1993;15;29;53;65
1994;16;25;42;64
1995;15;26;54;67
1996;16;21;54;66
1997;14;22;44;70
1998;15;35;46;69
1999;15;31;47;57
2000;17;26;50;61
2001;14;35;52;63
2002;16;31;45;65
2003;13;25;50;60
2004;17;30;51;68
2005;13;32;50;63
2006;16;31;53;70
2007;15;28;44;58
2008;16;26;49;69
2009;13;26;56;70
2010;12;29;54;65
2011;16;26;53;69
2012;15;31;48;62
2013;15;32;44;66
2014;11;26;49;62
2015;17;24;51;60
2016;13;32;42;59
2017;12;24;54;57
2018;16;25;50;68
2019;17;33;56;65
2020;11;24;51;64
2021;15;27;47;62
2022;15;29;42;65
2023;11;29;51;70
2024;17;33;56;65
2025;17;28;51;58
2026;12;34;56;66
2027;13;26;52;65
2028;16;33;50;61
2029;16;29;50;66
2030;17;28;55;57
2031;15;25;50;57
2032;13;30;47;61
2033;15;30;48;65
2034;15;32;50;70
2035;14;22;47;66
2036;14;24;47;61
2037;11;35;42;61
2038;11;26;54;64
2039;17;21;53;59
2040;16;24;42;58
2041;13;35;49;65
2042;17;22;55;70
2043;17;33;52;66
2044;12;28;49;57
2045;16;35;44;67
2046;11;22;43;56
2047;14;34;50;63
2048;14;25;44;65
2049;13;24;51;67
2050;14;34;47;58
2051;14;21;50;65
2052;17;26;44;57
2053;15;30;44;59
2054;16;27;54;69
2055;14;23;51;60
2056;14;30;47;59
2057;12;31;43;57
2058;15;34;46;70
2059;13;27;43;66
2060;13;21;54;64
2061;15;27;44;70
2062;12;23;48;63
2063;16;22;50;66
2064;12;22;45;57
2065;14;30;55;62
2066;11;33;47;68
2067;11;26;50;67
2068;16;34;49;56
2069;12;21;50;69
2070;13;21;42;70
2071;17;35;47;56
2072;14;23;54;57
2073;16;25;53;67
2074;12;25;42;61
2075;11;21;49;58
2076;13;25;45;57
2077;16;23;43;69
2078;14;25;49;56
2079;15;23;46;63
2080;13;27;43;70
2081;13;35;45;61
2082;12;25;54;68
2083;14;34;56;66
2084;17;35;51;67
2085;11;28;52;56
2086;11;34;51;58
2087;12;23;51;69
2088;12;33;49;65
2089;12;33;46;67
2090;16;30;56;60
2091;15;33;53;63
2092;16;22;47;61
2093;15;29;54;68
2094;13;29;42;64
2095;12;29;51;62
2096;15;25;51;60
2097;17;30;53;59
2098;15;25;46;66
2099;13;34;56;60
2100;13;21;50;70
2101;16;29;52;64
2102;14;22;42;69
2103;14;32;53;61
2104;17;22;54;63
2105;13;30;44;68
2106;17;35;42;56
2107;14;32;54;59
2108;16;27;47;61
2109;14;30;45;57
2110;16;35;49;69
2111;12;24;51;63
2112;13;33;42;62
2113;16;31;47;64
2114;16;27;44;69
2115;16;25;44;56
2116;16;32;54;65
2117;11;21;42;58
2118;14;28;54;68
2119;17;30;48;67
2120;16;28;55;66
2121;14;24;49;61
2122;12;26;43;65
2123;12;27;54;62
2124;16;31;47;58
2125;13;21;56;56
2126;12;29;54;63
2127;12;24;43;56
2128;16;25;55;66
2129;13;22;47;69
2130;16;30;52;60
2131;16;26;55;61
2132;16;29;55;69
2133;13;23;48;66
2134;11;24;46;57
2135;17;25;49;58
2136;16;31;48;57
2137;12;24;55;67
2138;15;33;51;56
2139;15;32;54;56
2140;17;31;50;60
2141;13;28;50;60
2142;12;25;55;65
2143;13;34;49;66
2144;16;21;52;66
2145;11;34;55;61
2146;15;21;47;57
2147;12;21;52;61
2148;15;31;51;59
2149;16;22;54;59
2150;12;35;54;65
2151;14;29;51;69
2152;17;27;48;57
2153;11;29;48;65
2154;15;21;46;64
2155;12;26;55;64
2156;17;27;44;66
2157;12;29;51;63
2158;13;24;50;64
2159;17;34;56;61
2160;12;32;48;58
2161;11;23;46;65
2162;15;28;42;66
2163;14;22;48;66
2164;14;35;48;58
2165;12;30;45;58
2166;12;26;43;67
2167;11;29;43;58
2168;11;30;55;63
2169;13;34;42;56
2170;17;33;56;60
2171;14;34;45;60
2172;17;25;54;59
2173;15;35;45;67
2174;13;23;46;59
2175;15;27;54;64
2176;13;26;51;66
2177;17;26;56;66
2178;13;35;50;65
2179;16;32;52;67
2180;13;31;50;57
2181;17;33;47;60
2182;14;26;48;70
2183;14;30;52;64
2184;13;23;50;67
2185;12;27;50;58
2186;16;22;43;56
2187;11;31;46;57
2188;14;35;46;57
2189;15;28;54;68
2190;13;25;44;69
2191;14;31;53;64
2192;11;23;46;57
2193;15;33;43;69
2194;13;25;54;59
2195;13;24;55;70
2196;16;21;53;69
2197;12;23;48;69
2198;17;23;47;61
2199;17;31;53;58
2200;11;34;50;62
2201;15;26;48;65
2202;17;24;48;70
2203;16;34;43;62
2204;12;24;56;69
2205;15;25;53;69
2206;12;34;51;67
2207;13;21;48;68
2208;12;25;53;67
2209;12;25;48;64
2210;14;32;43;60
2211;14;28;51;66
2212;17;35;48;68
2213;16;24;49;57
2214;17;35;56;59
2215;11;22;49;63
2216;14;30;42;59
2217;12;27;50;70
2218;11;32;52;62
2219;14;32;52;60
2220;11;26;54;63
2221;14;33;53;59
2222;12;26;46;67
2223;12;21;48;67
2224;17;25;55;66
2225;14;23;46;64
2226;13;34;55;63
2227;14;29;51;62
2228;15;26;51;62
2229;17;27;53;59
2230;11;28;52;62
2231;16;31;43;63
2232;14;26;54;64
2233;12;25;46;60
2234;12;29;42;64
2235;15;24;50;69
2236;12;28;44;63
2237;14;31;52;70
2238;11;27;42;59
2239;13;29;44;66
2240;11;35;50;63
2241;13;35;53;56
2242;12;32;46;65
2243;15;30;49;59
2244;13;22;45;61
2245;13;25;43;62
2246;14;22;45;69
2247;17;27;47;57
2248;11;22;44;66
2249;13;27;43;61
2250;15;29;48;58
2251;12;33;48;65
2252;12;22;54;65
2253;13;28;53;60
2254;17;28;54;60
2255;16;26;49;69
2256;16;35;46;61
2257;14;27;47;63
2258;15;22;56;57
2259;16;29;47;64
2260;12;24;49;57
2261;11;24;55;64
2262;17;30;46;58
2263;16;23;56;65
2264;13;25;54;65
2265;15;24;44;60
2266;12;25;45;68
2267;12;22;42;69
2268;12;28;46;58
2269;17;25;54;61
2270;11;27;53;56
2271;16;21;52;69
2272;16;32;42;58
2273;13;26;56;65
2274;16;29;47;64
2275;11;23;46;57
2276;11;29;48;66
2277;13;29;44;68
2278;15;26;49;59
2279;12;21;53;59
2280;11;26;42;60
2281;11;29;44;65
2282;14;21;52;58
2283;12;22;53;68
2284;11;21;45;62
2285;17;30;45;70
2286;14;33;42;58
2287;11;22;56;61
2288;17;32;49;64
2289;17;29;53;59
2290;13;33;44;67
2291;14;29;49;61
2292;14;34;46;69
2293;17;33;44;64
2294;15;29;49;69
2295;15;27;47;61
2296;17;26;53;65
2297;13;34;49;60
2298;11;24;52;60
2299;17;34;55;63
2300;14;22;48;67
2301;15;32;55;63
2302;11;21;49;65
2303;17;31;50;58
2304;14;28;53;66
2305;15;32;50;69
2306;14;22;51;63
2307;14;30;50;66
2308;15;21;42;59
2309;14;26;56;61
2310;11;25;54;61
2311;14;29;47;64
2312;16;33;45;59
2313;16;35;51;68
2314;14;26;51;57
2315;12;34;54;70
2316;15;21;53;69
2317;12;26;52;70
2318;16;26;46;68
2319;11;24;44;58
2320;12;35;46;56
2321;16;21;46;61
2322;11;27;51;59
2323;16;22;47;61
2324;16;28;55;56
2325;12;31;44;56
2326;14;33;52;56
2327;17;28;48;60
2328;11;35;50;70
2329;14;23;48;70
2330;15;28;53;61
2331;16;30;48;60
2332;16;27;45;62
2333;13;35;53;57
2334;17;31;56;63
2335;17;29;53;59
2336;13;33;52;69
2337;15;23;43;66
2338;11;35;56;63
2339;16;24;51;61
2340;13;24;55;62
2341;17;21;54;68
2342;14;24;42;61
2343;13;27;50;67
2344;15;31;48;61
2345;16;29;52;62
2346;12;33;42;64
2347;12;34;45;67
2348;12;23;52;61
2349;15;24;48;68
2350;13;24;49;63
2351;15;27;56;67
2352;17;31;54;68
2353;15;22;50;60
2354;14;23;53;67
2355;11;30;55;59
2356;11;23;56;69
2357;16;28;48;57
2358;17;33;52;61
2359;12;31;43;57
2360;16;23;53;56
2361;16;32;48;57
2362;14;28;54;56
2363;15;32;53;57
2364;14;35;47;68
2365;17;28;54;63
2366;17;21;45;66
2367;13;34;50;69
2368;16;33;44;61
2369;17;24;46;64
2370;14;25;46;66
2371;17;32;49;64
2372;13;29;46;65
2373;14;35;54;64
2374;15;28;56;70
2375;11;28;55;62
2376;15;22;47;62
2377;11;27;47;68
2378;13;31;55;69
2379;17;21;45;61
2380;15;24;51;56
2381;13;25;50;65
2382;13;29;50;64
2383;11;30;52;56
2384;16;24;46;58
2385;13;31;55;66
2386;17;27;51;64
2387;11;27;48;59
2388;15;31;49;61
2389;16;35;44;60
2390;15;23;50;62
2391;17;31;53;67
2392;17;35;54;58
2393;14;33;52;70
2394;14;23;54;70
2395;12;27;45;61
2396;14;31;46;70
2397;15;21;49;59
2398;16;28;54;68
2399;17;30;53;64
2400;17;35;52;62
2401;16;23;50;56
2402;17;25;50;61
2403;15;32;44;64
2404;16;29;47;64
2405;13;30;55;64
2406;13;25;56;70
2407;17;29;49;60
2408;16;32;54;69
2409;14;35;53;61
2410;11;23;56;62
2411;11;35;44;65
2412;16;32;54;62
2413;13;22;50;59
2414;16;25;48;63
2415;13;27;45;62
2416;11;22;48;70
2417;17;21;47;70
2418;17;35;45;66
2419;13;21;48;62
2420;12;21;49;64
2421;12;27;52;57
2422;17;23;42;67
2423;17;24;49;67
2424;13;34;44;58
2425;11;27;44;69
2426;14;25;48;69
2427;11;25;43;57
2428;16;27;46;69
2429;11;31;42;68
2430;16;22;44;66
2431;15;21;52;70
2432;11;26;52;69
2433;12;30;46;56
2434;12;25;52;59
2435;15;21;44;68
2436;13;28;48;64
2437;17;28;54;66
2438;15;22;50;70
2439;16;25;56;63
2440;16;34;53;69
2441;16;26;48;59
2442;13;24;48;64
2443;17;22;42;60
2444;17;24;42;56
2445;11;30;52;61
2446;11;23;53;61
2447;15;21;54;67
2448;12;22;44;58
2449;17;33;55;57
2450;16;32;46;56
2451;13;30;52;66
2452;13;25;53;70
2453;14;26;45;67
2454;14;27;55;58
2455;13;33;49;63
2456;16;22;55;63
2457;15;31;48;58
2458;15;30;43;64
2459;11;24;47;68
2460;11;23;52;67
2461;17;21;51;70
2462;12;25;47;69
2463;15;26;56;56
2464;17;31;42;63
2465;15;28;44;60
2466;15;24;43;65
2467;15;24;51;64
2468;14;34;42;65
2469;15;26;43;70
2470;13;24;46;65
2471;11;33;51;65
2472;17;21;56;57
2473;12;35;56;57
2474;12;27;42;63
2475;12;27;56;64
2476;15;33;47;70
2477;16;23;49;64
2478;11;32;47;63
2479;14;32;55;57
2480;13;30;56;67
2481;14;29;55;69
2482;12;27;51;59
2483;17;29;49;70
2484;15;33;52;65
2485;11;30;54;62
2486;14;29;48;56
2487;12;23;46;57
2488;16;22;54;64
2489;15;30;52;64
2490;13;28;43;61
2491;16;28;49;65
2492;13;28;55;70
2493;16;35;44;68
2494;13;31;45;63
2495;12;27;46;66
2496;12;28;46;56
2497;12;24;50;61
2498;15;26;47;57
2499;16;34;46;58
2500;16;25;47;64
2501;12;27;51;70
2502;16;26;46;61
2503;11;22;53;56
2504;14;26;42;68
2505;14;26;44;58
2506;13;22;47;70
2507;17;32;46;64
2508;11;22;44;58
2509;15;32;56;65
2510;12;24;56;56
2511;11;25;48;69
2512;17;30;44;62
2513;15;23;46;61
2514;12;35;42;69
2515;11;33;51;70
2516;16;22;51;70
2517;11;23;46;68
2518;14;25;50;69
2519;16;24;42;61
2520;14;25;48;63
2521;12;35;43;61
2522;15;28;47;66
2523;14;31;50;56
2524;14;26;49;61
2525;16;21;53;63
2526;16;25;45;64
2527;17;28;53;56
2528;13;22;54;61
2529;17;22;51;66
2530;17;21;42;65
2531;16;34;46;68
2532;16;21;47;68
2533;14;34;53;69
2534;14;30;42;63
2535;13;28;45;68
2536;15;30;43;60
2537;16;31;52;62
2538;16;30;42;66
2539;14;32;56;63
2540;13;32;52;65
2541;15;25;42;58
2542;12;30;56;59
2543;14;31;44;60
2544;11;34;50;68
2545;11;31;53;65
2546;15;33;48;67
2547;11;26;43;69
2548;11;27;53;56
2549;15;31;44;58
2550;13;35;44;59
2551;11;21;51;70
2552;16;29;47;69
2553;14;26;47;60
2554;13;22;43;70
2555;17;22;43;56
2556;11;31;45;57
2557;13;23;42;64
2558;13;28;56;70
2559;16;28;54;56
2560;17;35;48;66
2561;15;26;53;57
2562;17;33;42;61
2563;15;26;46;68
2564;17;31;56;65
2565;13;25;53;59
2566;11;29;42;64
2567;12;22;52;62
2568;12;34;43;69
2569;16;21;51;66
2570;17;27;51;59
2571;14;27;54;57
2572;15;26;53;59
2573;15;35;49;59
2574;12;30;51;59
2575;16;28;48;69
2576;16;27;51;59
2577;15;29;55;63
2578;16;21;54;59
2579;13;30;43;61
2580;11;24;45;65
2581;17;21;45;70
2582;16;21;56;61
2583;17;29;53;61
2584;12;21;42;63
2585;11;24;43;61
2586;14;34;44;61
2587;14;30;49;59
2588;14;25;48;70
2589;14;29;56;62
2590;11;31;55;70
2591;16;27;52;59
2592;11;31;55;57
2593;14;24;42;65
2594;14;35;47;62
2595;16;29;50;59
2596;16;28;47;70
2597;17;35;43;70
2598;14;25;51;57
2599;16;24;53;66
2600;13;25;48;67
2601;13;22;50;58
2602;13;32;51;59
2603;14;25;42;57
2604;16;30;51;61
2605;16;31;53;66
2606;12;25;56;57
2607;17;30;42;63
2608;15;30;43;59
2609;14;27;42;68
2610;13;28;53;59
2611;12;30;54;60
2612;15;29;45;65
2613;14;32;43;62
2614;13;33;44;61
2615;13;27;52;57
2616;13;21;44;58
2617;16;25;43;57
2618;13;30;48;64
2619;16;31;48;62
2620;14;27;46;57
2621;16;28;54;64
2622;17;31;47;58
2623;11;34;52;64
2624;13;33;48;66
2625;13;27;52;57
2626;15;32;46;62
2627;15;33;45;64
2628;13;28;54;57
2629;14;34;50;61
2630;16;27;54;65
2631;12;27;42;65
2632;17;25;44;67
2633;16;22;55;62
2634;14;25;42;66
2635;15;34;46;57
2636;16;27;44;69
2637;17;23;55;60
2638;14;35;47;61
2639;14;22;51;63
2640;12;23;44;62
2641;14;31;46;60
2642;17;34;52;64
2643;16;34;53;56
2644;12;34;47;59
2645;13;32;50;61
2646;12;35;50;70
2647;17;32;42;60
2648;12;32;54;62
2649;14;29;43;61
2650;16;31;50;69
2651;17;26;44;57
2652;13;26;53;62
2653;14;34;47;60
2654;14;27;50;56
2655;15;22;52;60
2656;15;35;49;68
2657;13;27;53;59
2658;12;30;54;65
2659;17;32;42;66
2660;16;27;51;66
2661;11;33;49;69
2662;11;25;44;65
2663;13;34;52;67
2664;17;35;43;63
2665;16;32;42;61
2666;12;29;46;65
2667;13;27;49;60
2668;16;35;46;59
2669;17;26;54;57
2670;11;28;55;65
2671;16;22;43;64
2672;13;23;54;60
2673;17;25;53;61
2674;13;30;48;66
2675;11;31;54;61
2676;11;25;48;66
2677;15;25;44;58
2678;11;24;49;69
2679;16;24;42;57
2680;17;31;52;63
2681;12;22;47;60
2682;13;21;55;60
2683;16;33;47;66
2684;13;33;53;69
2685;15;24;48;57
2686;12;28;42;62
2687;17;21;47;65
2688;14;21;56;63
2689;15;27;55;68
2690;11;30;42;67
2691;13;22;46;60
2692;13;22;54;70
2693;13;24;48;59
2694;13;22;55;62
2695;17;34;49;65
2696;11;21;48;70
2697;13;33;51;68
2698;11;24;51;62
2699;13;21;44;56
2700;11;22;49;65
2701;11;30;56;63
2702;16;29;49;68
2703;17;25;47;58
2704;17;29;42;58
2705;11;35;55;56
2706;11;25;55;58
2707;13;29;54;68
2708;11;31;55;68
2709;16;23;43;64
2710;17;33;42;57
2711;13;23;53;57
2712;15;28;47;60
2713;15;21;54;65
2714;12;32;55;63
2715;11;29;56;65
2716;15;31;52;62
2717;13;24;46;64
2718;16;33;43;64
2719;13;24;52;61
2720;13;33;47;64
2721;11;34;53;65
2722;15;29;43;62
2723;17;24;43;67
2724;14;33;46;64
2725;13;27;45;59
2726;14;22;46;59
2727;11;27;51;65
2728;17;25;53;60
2729;16;28;53;69
2730;16;32;54;61
2731;12;25;48;64
2732;11;22;56;69
2733;12;35;55;63
2734;14;29;48;63
2735;16;21;56;63
2736;17;31;42;66
2737;13;35;53;59
2738;17;22;46;57
2739;14;30;55;60
2740;11;22;49;57
2741;15;28;51;67
2742;16;29;42;61
2743;13;32;51;60
2744;13;28;44;65
2745;17;30;48;60
2746;16;23;49;64
2747;12;23;46;69
2748;13;30;48;64
2749;17;21;48;59
2750;14;23;53;69
2751;17;22;43;69
2752;17;26;47;57
2753;13;35;56;57
2754;12;27;50;58
2755;17;21;47;64
2756;15;27;53;57
2757;12;24;43;57
2758;13;27;48;61
2759;12;32;54;70
2760;16;29;53;59
2761;13;21;53;63
2762;14;28;46;67
2763;12;30;47;66
2764;16;24;50;61
2765;15;23;55;59
2766;12;25;55;62
2767;15;24;50;58
2768;17;32;53;59
2769;13;31;52;66
2770;13;23;48;61
2771;11;31;51;60
2772;14;29;42;65
2773;17;26;53;61
2774;12;21;49;66
2775;15;34;45;70
2776;17;28;49;64
2777;17;28;54;66
2778;14;32;50;57
2779;17;35;55;61
2780;13;25;48;69
2781;14;29;55;70
2782;14;25;42;70
2783;11;27;50;68
2784;14;22;42;60
2785;11;24;42;67
2786;16;32;52;65
2787;12;31;55;66
2788;16;30;45;59
2789;13;26;50;68
2790;16;27;54;60
2791;15;21;54;69
2792;11;34;56;58
2793;12;31;51;69
2794;16;28;54;63
2795;17;33;54;64
2796;15;27;52;69
2797;13;23;52;56
2798;11;23;51;60
2799;16;22;49;64
2800;15;27;48;69
2801;15;25;54;61
2802;13;35;54;59
2803;17;32;56;68
2804;17;22;46;57
2805;13;21;43;66
2806;13;26;56;58
2807;12;24;43;59
2808;11;22;56;58
2809;15;29;48;60
2810;11;35;52;56
2811;16;28;49;60
2812;17;21;52;70
2813;11;34;53;57
2814;12;35;53;65
2815;15;29;47;61
2816;17;33;43;58
2817;13;33;50;62
2818;11;23;49;63
2819;13;21;44;64
2820;15;27;54;62
2821;12;23;54;69
2822;15;28;45;61
2823;13;22;43;67
2824;13;24;47;65
2825;12;23;43;65
2826;13;33;53;67
2827;15;22;50;57
2828;14;28;43;70
2829;13;30;43;67
2830;11;30;51;70
2831;13;25;46;57
2832;12;27;44;67
2833;13;28;46;70
2834;14;23;53;64
2835;14;29;50;64
2836;16;26;45;61
2837;13;35;56;64
2838;14;32;54;67
2839;11;26;55;69
2840;12;35;51;58
2841;11;32;46;69
2842;14;21;56;67
2843;17;24;48;63
2844;13;33;44;64
2845;11;33;51;67
2846;11;33;49;58
2847;12;26;53;60
2848;16;26;50;63
2849;15;26;46;63
2850;11;31;50;63
2851;13;27;52;62
2852;16;35;45;60
2853;16;21;52;67
2854;11;27;50;69
2855;16;27;43;68
2856;17;26;50;63
2857;13;24;50;56
2858;13;21;52;57
2859;13;33;45;60
2860;17;32;42;68
2861;15;24;55;64
2862;17;33;51;59
2863;12;28;53;63
2864;11;35;53;69
2865;13;25;46;70
2866;13;33;48;67
2867;16;23;44;57
2868;16;24;47;57
2869;11;32;48;66
2870;15;28;56;63
2871;13;24;53;57
2872;11;27;54;68
2873;11;23;43;58
2874;14;27;47;66
2875;13;28;53;58
2876;11;25;45;66
2877;13;26;56;61
2878;16;26;42;66
2879;13;22;53;60
2880;13;24;46;68
2881;16;26;46;64
2882;16;28;55;58
2883;16;34;46;66
2884;12;31;44;69
2885;12;32;51;56
2886;15;33;51;56
2887;14;34;56;70
2888;12;35;42;58
2889;13;32;49;64
2890;14;32;46;59
2891;12;32;56;59
2892;17;27;48;57
2893;11;29;49;62
2894;13;25;45;67
2895;17;27;46;64
2896;11;26;45;60
2897;13;26;50;67
2898;13;32;43;60
2899;13;29;55;58
2900;12;28;48;57
2901;11;29;54;70
2902;12;35;43;59
2903;16;22;43;61
2904;11;21;43;61
2905;14;21;54;57
2906;16;27;46;63
2907;14;26;42;57
2908;15;33;42;60
2909;16;22;56;61
2910;16;27;55;65
2911;13;24;55;63
2912;15;34;55;60
2913;13;34;51;56
2914;13;34;46;64
2915;11;28;52;66
2916;17;23;55;57
2917;11;28;49;56
2918;11;32;54;56
2919;17;21;48;57
2920;16;31;51;66
2921;16;22;53;62
2922;17;32;42;61
2923;14;32;42;59
2924;17;33;46;66
2925;16;32;44;61
2926;16;27;44;65
2927;13;29;49;61
2928;13;34;46;67
2929;14;28;45;60
2930;12;25;53;57
2931;17;23;56;61
2932;11;25;54;70
2933;17;35;43;64
2934;16;25;42;56
2935;14;28;42;70
2936;17;32;56;69
2937;11;21;49;63
2938;14;29;50;66
2939;17;27;53;56
2940;11;26;50;67
2941;11;32;50;57
2942;17;33;50;70
2943;12;35;42;65
2944;12;34;55;67
2945;12;22;51;61
2946;17;26;54;57
2947;12;32;48;68
2948;15;30;49;61
2949;14;24;42;56
2950;14;34;56;68
2951;11;21;49;67
2952;15;24;56;59
2953;16;33;54;65
2954;14;24;50;68
2955;17;34;42;56
2956;17;25;44;59
2957;12;34;50;68
2958;17;34;53;61
2959;15;29;51;62
2960;12;21;51;69
2961;14;27;56;58
2962;17;35;43;62
2963;17;29;50;56
2964;16;26;42;61
2965;12;32;49;61
2966;16;23;44;60
2967;17;29;46;68
2968;13;25;53;60
2969;17;31;56;58
2970;12;26;54;57
2971;15;21;53;70
2972;16;24;53;57
2973;15;32;47;70
2974;17;22;42;70
2975;11;33;49;67
2976;15;32;56;70
2977;17;32;49;67
2978;13;29;47;59
2979;15;32;45;59
2980;13;31;44;62
2981;13;30;44;60
2982;14;32;45;69
2983;14;21;48;58
2984;12;24;55;60
2985;16;30;48;66
2986;15;27;52;65
2987;17;22;44;67
2988;17;30;46;58
2989;17;22;46;66
2990;13;26;50;62
2991;15;24;52;65
2992;12;26;50;58
2993;16;32;49;64
2994;14;32;47;59
2995;17;31;48;65
2996;13;32;56;61
2997;16;29;50;68
2998;11;35;52;61
2999;13;23;50;63
3000;12;21;43;61
3001;15;29;48;57
3002;17;33;51;68
3003;15;22;44;62
3004;16;33;56;59
3005;17;24;48;64
3006;13;30;48;70
3007;16;24;47;57
3008;12;21;51;58
3009;12;30;48;67
3010;17;34;44;67
3011;14;25;51;58
3012;15;29;51;67
3013;16;35;56;59
3014;16;24;55;67
3015;17;28;55;69
3016;17;22;49;60
3017;16;25;43;70
3018;11;21;55;65
3019;14;23;50;56
3020;12;24;47;59
3021;13;27;49;62
3022;17;23;56;67
3023;17;29;47;64
3024;17;30;43;57
3025;11;34;47;68
3026;17;29;54;57
3027;11;23;52;66
3028;12;34;43;69
3029;13;34;43;65
3030;13;24;47;68
3031;15;25;42;69
3032;11;23;47;58
3033;11;21;50;62
3034;11;26;54;56
3035;13;30;53;57
3036;16;32;45;64
3037;15;29;48;70
3038;13;24;56;59
3039;17;22;44;63
3040;15;34;49;63
3041;13;24;44;68
3042;14;30;50;68
3043;13;33;50;67
3044;16;31;48;69
3045;11;27;46;62
3046;16;25;42;57
3047;11;29;47;70
3048;15;34;53;62
3049;16;24;54;62
3050;12;23;46;60
3051;11;26;42;64
3052;13;26;52;62
3053;14;23;45;59
3054;13;27;47;67
3055;13;35;43;60
3056;16;32;43;69
3057;12;23;53;68
3058;16;30;47;67
3059;12;28;54;68
3060;15;30;45;69
3061;13;29;50;62
3062;11;25;44;56
3063;14;31;43;62
3064;13;33;48;65
3065;12;27;45;57
3066;16;33;43;66
3067;14;31;49;59
3068;16;30;42;57
3069;16;24;54;57
3070;13;25;47;62
3071;17;32;45;61
3072;17;25;43;65
3073;11;34;55;58
3074;12;34;43;60
3075;17;35;46;66
3076;12;29;42;56
3077;11;23;55;65
3078;15;32;46;64
3079;12;22;42;61
3080;17;28;47;65
3081;16;23;49;67
3082;14;26;47;70
3083;14;23;42;63
3084;17;22;46;64
3085;17;29;50;68
3086;12;30;55;65
3087;12;30;42;63
3088;14;30;49;64
3089;11;34;54;70
3090;14;24;42;67
3091;15;34;45;64
3092;12;35;47;61
3093;11;25;45;69
3094;11;34;53;58
3095;11;28;50;57
3096;12;34;51;59
3097;12;25;48;66
3098;17;24;49;64
3099;16;22;50;70
3100;12;29;51;66
3101;12;23;51;64
3102;15;26;56;64
3103;11;23;56;66
3104;16;33;45;60
3105;16;34;48;66
3106;15;27;48;61
3107;11;34;56;57
3108;16;23;52;61
3109;17;31;54;68
3110;15;28;48;67
3111;12;32;45;58
3112;13;23;44;65
3113;16;22;46;59
3114;11;29;43;56
3115;15;32;45;66
3116;14;22;56;67
3117;14;26;45;69
3118;13;34;47;56
3119;17;26;50;67
3120;16;32;43;61
3121;12;29;44;61
3122;14;29;47;65
3123;17;22;54;70
3124;11;25;44;56
3125;17;34;47;65
3126;15;26;51;56
3127;16;22;43;69
3128;11;24;43;64
3129;15;21;54;68
3130;14;29;56;61
3131;12;27;50;61
3132;13;21;42;59
3133;15;33;42;63
3134;12;34;46;61
3135;16;35;44;63
3136;15;34;43;60
3137;16;26;46;56
3138;14;32;53;69
3139;15;23;44;61
3140;11;26;50;62
3141;16;21;53;63
3142;16;35;49;67
3143;14;34;42;58
3144;16;28;50;65
3145;14;26;49;57
3146;14;24;45;56
3147;16;31;51;65
3148;14;21;54;63
3149;16;31;54;67
3150;17;28;49;65
3151;16;23;53;57
3152;12;28;44;58
3153;16;27;54;67
3154;16;32;56;62
3155;15;21;54;62
3156;17;23;52;61
3157;17;25;43;68
3158;17;23;50;57
3159;12;23;54;62
3160;16;21;52;66
3161;15;34;51;70
3162;11;30;46;57
3163;16;31;51;70
3164;15;34;54;67
3165;15;34;55;61
3166;16;26;46;59
3167;11;27;56;65
3168;13;22;42;57
3169;17;25;44;61
3170;14;32;54;67
3171;16;26;42;61
3172;15;28;50;62
3173;12;29;55;59
3174;12;32;50;68
3175;14;24;45;61
3176;12;26;48;59
3177;17;34;46;56
3178;16;21;54;61
3179;16;35;44;70
3180;15;22;53;60
3181;14;26;50;63
3182;16;33;51;59
3183;12;27;54;62
3184;15;33;46;59
3185;16;25;45;70
3186;17;34;46;59
3187;11;35;47;64
3188;14;24;55;66
3189;12;29;56;61
3190;16;33;50;64
3191;16;22;56;59
3192;15;24;50;67
3193;11;32;44;65
3194;14;27;47;61
3195;15;28;45;68
3196;13;32;53;65
3197;11;28;53;59
3198;15;28;44;65
3199;17;31;53;56
3200;12;35;56;57
3201;12;33;53;61
3202;11;25;51;67
3203;11;25;56;56
3204;16;32;42;66
3205;14;32;51;63
3206;12;34;47;64
3207;17;22;48;61
3208;12;32;49;69
3209;13;31;47;68
3210;12;31;49;62
3211;14;35;47;70
3212;15;21;47;59
3213;13;32;53;61
3214;17;28;48;63
3215;15;35;43;67
3216;16;30;48;60
3217;14;29;50;69
3218;16;28;55;58
3219;11;25;46;68
3220;15;29;48;68
3221;11;34;45;58
3222;17;27;50;66
3223;14;31;42;63
3224;11;33;42;58
3225;17;21;46;64
3226;11;34;44;63
3227;13;25;42;62
3228;12;25;44;68
3229;12;32;54;70
3230;14;22;43;69
3231;14;23;51;62
3232;15;23;55;57
3233;17;30;56;64
3234;13;21;47;68
3235;15;33;51;69
3236;16;35;48;70
3237;13;35;49;57
3238;13;34;44;69
3239;15;32;50;70
3240;17;28;52;62
3241;12;22;50;66
3242;11;33;51;66
3243;12;27;55;65
3244;17;22;45;66
3245;11;25;44;58
3246;12;25;44;66
3247;13;28;47;64
3248;11;26;47;68
3249;13;26;55;57
3250;13;21;53;69
3251;14;30;53;61
3252;16;24;50;69
3253;11;34;56;59
3254;15;25;55;60
3255;13;32;48;59
3256;11;32;45;60
3257;15;35;44;56
3258;14;21;42;69
3259;15;26;52;59
3260;12;34;53;65
3261;13;23;51;67
3262;16;27;45;64
3263;14;21;49;68
3264;15;28;46;60
3265;16;31;43;56
3266;11;31;50;57
3267;17;31;48;68
3268;12;29;51;60
3269;11;25;53;64
3270;16;27;52;62
3271;11;29;49;62
3272;15;28;55;66
3273;16;34;53;57
3274;15;21;49;70
3275;12;34;46;68
3276;15;22;50;61
3277;11;33;53;56
3278;12;26;45;70
3279;15;29;48;57
3280;14;33;42;70
3281;11;23;46;56
3282;15;22;42;61
3283;13;33;45;69
3284;11;35;45;64
3285;16;29;48;59
3286;11;21;52;70
3287;13;28;52;62
3288;11;27;46;59
3289;11;25;50;59
3290;14;24;48;62
3291;11;21;56;67
3292;13;33;48;62
3293;15;35;55;59
3294;12;33;47;56
3295;13;32;52;67
3296;14;32;49;64
3297;15;35;54;60
3298;12;23;54;62
3299;12;29;43;56
3300;14;31;45;67
3301;12;24;45;69
3302;12;28;44;56
3303;14;33;56;59
3304;13;35;45;66
3305;12;29;55;57
3306;12;29;56;64
3307;12;22;49;69
3308;11;24;56;70
3309;17;31;48;63
3310;15;30;49;60
3311;13;28;44;64
3312;15;27;51;63
3313;17;30;45;65
3314;16;27;45;56
3315;17;24;46;64
3316;12;23;49;68
3317;15;23;43;65
3318;15;33;47;68
3319;15;21;51;64
3320;13;31;55;58
3321;16;25;50;60
3322;13;28;54;62
3323;14;32;46;57
3324;17;35;53;59
3325;12;29;53;63
3326;11;25;47;66
3327;12;28;44;63
3328;14;25;50;56
3329;14;26;47;68
3330;14;32;45;58
3331;11;32;49;57
3332;15;35;54;64
3333;13;23;53;67
3334;12;21;45;58
3335;17;31;49;63
3336;15;31;56;66
3337;17;28;50;65
3338;13;27;55;65
3339;14;24;54;61
3340;16;21;50;69
3341;11;21;54;64
3342;16;31;46;67
3343;16;30;46;58
3344;12;33;50;63
3345;12;28;55;67
3346;14;29;48;70
3347;15;23;56;60
3348;17;21;52;68
3349;14;26;52;66
3350;15;34;56;60
3351;14;22;46;59
3352;17;35;56;65
3353;12;30;51;64
3354;17;30;44;63
3355;17;34;43;66
3356;13;25;54;69
3357;11;32;54;58
3358;16;23;47;56
3359;17;23;47;69
3360;12;30;54;63
3361;15;22;53;68
3362;13;26;53;59
3363;14;28;53;66
3364;17;26;45;69
3365;16;27;53;62
3366;17;32;52;70
3367;16;25;43;63
3368;13;28;54;59
3369;15;33;56;69
3370;16;23;54;62
3371;16;24;45;68
3372;11;27;46;69
3373;12;27;42;68
3374;15;30;56;66
3375;11;27;46;60
3376;15;33;48;56
3377;17;31;46;58
3378;12;32;53;62
3379;14;26;46;58
3380;11;24;51;60
3381;17;34;56;69
3382;13;29;49;61
3383;13;28;55;59
3384;13;25;43;63
3385;16;23;43;65
3386;13;34;55;60
3387;13;34;42;60
3388;14;34;50;56
3389;13;31;55;68
3390;17;35;52;58
3391;16;25;44;69
3392;15;32;45;58
3393;12;35;46;66
3394;14;28;55;60
3395;11;24;52;69
3396;14;25;49;68
3397;11;26;42;58
3398;11;30;46;58
3399;16;28;46;61
3400;12;34;50;57
3401;13;29;52;65
3402;13;24;43;67
3403;12;21;47;60
3404;15;24;50;66
3405;16;29;50;62
3406;16;23;43;61
3407;13;25;51;60
3408;11;22;50;64
3409;17;26;46;60
3410;16;32;45;60
3411;12;22;53;66
3412;13;33;55;70
3413;17;29;56;68
3414;11;31;43;56
3415;17;33;55;67
3416;15;35;52;67
3417;14;25;51;63
3418;14;25;50;62
3419;15;25;50;59
3420;12;35;51;67
3421;15;21;50;58
3422;13;24;42;59
3423;16;26;49;64
3424;15;28;45;68
3425;16;23;45;67
3426;12;25;44;70
3427;11;28;56;58
3428;15;28;44;62
3429;17;25;47;64
3430;16;23;43;68
3431;16;27;46;70
3432;15;35;48;67
3433;13;30;49;63
3434;11;26;48;63
3435;12;21;55;59
3436;16;32;49;68
3437;17;27;42;68
3438;13;22;45;61
3439;16;30;45;61
3440;13;35;54;58
3441;11;34;43;60
3442;14;31;51;65
3443;12;27;50;61
3444;16;30;43;58
3445;14;32;43;70
3446;15;22;51;65
3447;14;35;47;68
3448;16;35;54;57
3449;11;31;56;62
3450;15;22;49;68
3451;11;30;51;61
3452;16;28;55;56
3453;16;34;45;57
3454;12;26;44;56
3455;13;23;50;69
3456;17;26;44;61
3457;12;30;42;64
3458;14;31;55;59
3459;17;24;54;56
3460;14;26;51;70
3461;14;22;48;66
3462;13;21;49;60
3463;16;34;48;63
3464;16;32;46;68
3465;16;25;55;57
3466;13;31;46;59
3467;17;22;43;61
3468;14;21;46;65
3469;16;34;55;70
3470;12;34;56;59
3471;14;34;42;67
3472;13;24;47;70
3473;11;22;45;63
3474;12;32;42;69
3475;14;25;45;60
3476;12;26;55;60
3477;14;35;53;67
3478;17;33;52;61
3479;14;22;52;67
3480;15;30;54;65
3481;11;29;53;63
3482;16;34;45;56
3483;12;35;48;63
3484;11;34;51;59
3485;14;23;45;69
3486;13;31;45;70
3487;15;21;49;62
3488;17;25;42;68
3489;15;32;45;70
3490;13;32;47;59
3491;13;35;52;69
3492;14;30;45;69
3493;16;28;55;63
3494;17;32;45;57
3495;13;26;44;66
3496;16;22;53;60
3497;11;33;51;69
3498;14;25;47;60
3499;12;31;49;69
3500;12;22;48;70
3501;13;21;53;69
3502;11;22;56;65
3503;11;30;43;69
3504;14;24;44;69
3505;16;23;53;68
3506;16;28;54;64
3507;16;27;56;69
3508;17;24;46;66
3509;15;31;53;69
3510;14;24;47;56
3511;11;26;50;60
3512;15;33;45;69
3513;13;30;42;70
3514;15;27;49;65
3515;13;22;56;62
3516;15;34;47;63
3517;16;25;52;60
3518;14;24;56;69
3519;11;28;50;60
3520;12;34;51;59
3521;16;29;56;66
3522;15;29;44;63
3523;11;26;42;70
3524;17;26;56;64
3525;15;30;56;69
3526;12;28;54;61
3527;16;29;48;65
3528;16;35;55;64
3529;16;28;49;65
3530;12;27;55;61
3531;16;29;52;63
3532;13;34;46;66
3533;14;28;56;65
3534;12;26;48;70
3535;15;32;44;68
3536;15;26;53;57
3537;17;27;46;64
3538;11;34;51;61
3539;12;27;53;58
3540;11;35;42;65
3541;12;26;52;67
3542;11;25;46;60
3543;14;33;53;64
3544;11;29;51;58
3545;12;29;42;63
3546;14;32;53;69
3547;14;29;49;69
3548;13;27;42;62
3549;14;21;56;64
3550;12;22;48;56
3551;14;25;53;67
3552;14;33;47;59
3553;11;31;42;70
3554;16;26;56;63
3555;15;24;48;69
3556;14;26;44;67
3557;13;26;50;70
3558;16;34;55;57
3559;15;33;53;70
3560;12;29;51;67
3561;13;33;45;65
3562;14;31;46;64
3563;14;31;56;60
3564;16;33;45;64
3565;16;33;47;56
3566;16;35;56;61
3567;15;32;52;62
3568;14;30;50;59
3569;15;35;42;70
3570;16;34;46;57
3571;13;35;45;68
3572;15;29;46;57
3573;15;29;42;59
3574;13;23;53;58
3575;12;27;47;58
3576;14;25;44;56
3577;15;21;55;62
3578;16;25;48;64
3579;11;34;55;57
3580;13;33;47;64
3581;17;32;50;56
3582;14;23;45;65
3583;13;24;44;57
3584;14;33;43;60
3585;17;32;53;68
3586;15;21;44;60
3587;16;24;44;69
3588;14;34;46;63
3589;15;30;42;66
3590;15;28;53;70
3591;11;26;43;63
3592;16;29;56;57
3593;12;30;45;60
3594;15;26;48;56
3595;11;34;52;70
3596;14;35;48;65
3597;13;29;42;56
3598;16;26;51;61
3599;11;25;51;61
3600;11;32;43;66
3601;17;34;53;68
3602;17;24;52;65
3603;12;35;46;60
3604;15;23;47;70
3605;11;33;53;57
3606;11;32;42;68
3607;17;23;54;58
3608;12;21;55;58
3609;17;22;50;62
3610;15;28;50;70
3611;16;34;54;70
3612;15;25;56;59
3613;14;23;49;60
3614;13;21;47;56
3615;11;23;55;56
3616;15;28;43;68
3617;11;25;46;61
3618;15;25;44;65
3619;16;22;45;65
3620;14;22;44;65
3621;16;23;55;61
3622;13;27;49;65
3623;17;34;42;59
3624;17;30;45;56
3625;12;27;50;58
3626;15;32;56;56
3627;11;21;54;67
3628;16;35;52;61
3629;14;28;45;62
3630;14;29;52;59
3631;13;29;48;62
3632;13;24;52;63
3633;13;21;45;59
3634;16;21;49;65
3635;11;28;43;56
3636;11;34;46;70
3637;15;26;50;57
3638;14;24;44;66
3639;11;25;52;67
3640;11;22;50;61
3641;13;31;47;56
3642;13;25;49;62
3643;14;31;45;67
3644;14;33;53;65
3645;11;28;45;70
3646;15;30;45;65
3647;17;28;45;57
3648;11;33;43;59
3649;17;29;51;60
3650;15;28;56;70
3651;11;21;48;62
3652;11;32;53;59
3653;11;35;45;66
3654;13;24;46;57
3655;17;31;55;67
3656;17;26;47;67
3657;16;21;50;60
3658;16;35;55;70
3659;13;29;46;58
3660;12;22;45;64
3661;17;29;45;62
3662;17;30;48;67
3663;12;23;49;64
3664;12;31;42;66
3665;16;35;52;61
3666;14;25;47;70
3667;14;29;54;58
3668;13;23;50;63
3669;12;26;53;67
3670;12;21;42;67
3671;12;30;48;61
3672;15;30;56;64
3673;11;28;44;65
3674;17;24;55;66
3675;11;22;46;57
3676;17;26;49;66
3677;16;32;49;59
3678;14;23;54;61
3679;14;31;50;57
3680;17;26;52;66
3681;11;26;48;69
3682;14;22;46;60
3683;11;24;48;59
3684;17;29;51;58
3685;17;27;47;57
3686;16;27;43;62
3687;15;24;45;58
3688;16;31;44;58
3689;17;35;55;61
3690;12;32;43;66
3691;16;22;53;56
3692;12;24;50;65
3693;12;22;45;63
3694;14;24;47;70
3695;12;34;56;57
3696;11;23;43;64
3697;11;22;47;64
3698;16;23;56;67
3699;12;34;56;62
3700;15;24;46;69
3701;13;35;51;56
3702;12;26;46;56
3703;17;32;56;70
3704;12;32;42;64
3705;12;29;48;70
3706;14;27;42;59
3707;17;23;42;61
3708;17;29;55;70
3709;17;29;56;66
3710;17;28;52;66
3711;11;22;42;68
3712;11;21;53;59
3713;16;33;56;67
3714;12;31;47;59
3715;14;28;42;64
3716;14;25;43;66
3717;14;26;43;68
3718;17;22;54;57
3719;15;30;52;67
3720;12;23;56;63
3721;14;33;49;62
3722;14;25;45;57
3723;16;32;49;68
3724;13;24;52;66
3725;14;31;54;69
3726;13;30;49;62
3727;14;33;50;67
3728;17;27;44;70
3729;12;33;56;59
3730;12;25;53;65
3731;16;21;48;67
3732;13;27;43;66
3733;17;24;45;62
3734;17;29;48;58
3735;11;33;43;64
3736;12;22;50;64
3737;14;35;51;57
3738;13;31;56;69
3739;13;32;53;60
3740;16;32;42;67
3741;11;33;56;63
3742;11;30;43;64
3743;16;29;52;59
3744;13;21;53;58
3745;11;27;55;68
3746;12;21;48;63
3747;13;34;52;56
3748;16;27;44;64
3749;17;26;46;64
3750;13;23;49;65
3751;12;32;49;58
3752;13;30;43;59
3753;11;26;47;56
3754;12;28;56;66
3755;16;28;50;62
3756;17;31;50;68
3757;12;26;49;58
3758;12;29;47;69
3759;17;35;52;61
3760;15;33;56;66
3761;11;33;52;69
3762;12;21;51;63
3763;15;24;54;58
3764;11;29;52;69
3765;13;22;48;64
3766;15;26;55;70
3767;11;31;50;61
3768;13;31;53;69
3769;13;24;52;67
3770;16;28;42;61
3771;11;25;51;57
3772;12;23;52;58
3773;12;21;52;67
3774;15;25;51;69
3775;12;24;55;69
3776;17;21;42;64
3777;15;21;52;66
3778;11;34;53;65
3779;14;24;55;58
3780;14;26;45;60
3781;11;27;42;61
3782;17;26;42;70
3783;14;23;55;69
3784;13;26;49;56
3785;14;23;44;57
3786;15;31;47;61
3787;12;33;53;64
3788;11;27;42;66
3789;13;34;56;70
3790;12;29;44;62
3791;11;21;53;67
3792;14;31;43;70
3793;17;30;45;67
3794;14;33;49;68
3795;13;26;47;60
3796;15;32;55;60
3797;15;33;47;63
3798;14;29;42;69
3799;16;27;44;59
3800;16;21;49;69
3801;15;35;42;57
3802;16;35;53;57
3803;16;26;46;70
3804;15;21;45;66
3805;12;27;55;63
3806;16;21;43;56
3807;14;24;55;66
3808;12;25;48;59
3809;13;27;48;70
3810;14;28;49;56
3811;11;33;45;69
3812;12;21;43;61
3813;14;25;46;59
3814;11;34;54;61
3815;13;23;44;61
3816;14;23;49;66
3817;11;33;50;59
3818;16;23;45;65
3819;14;33;55;58
3820;11;21;52;62
3821;13;32;55;65
3822;17;25;44;62
3823;16;30;50;69
3824;13;29;43;56
3825;11;21;48;66
3826;11;24;55;57
3827;13;21;55;59
3828;17;26;44;61
3829;11;31;45;66
3830;14;23;47;62
3831;14;32;50;59
3832;17;34;55;70
3833;13;21;55;60
3834;13;27;46;65
3835;11;26;52;57
3836;11;30;46;58
3837;16;27;53;57
3838;15;25;45;56
3839;16;22;54;67
3840;15;35;48;69
3841;13;25;46;59
3842;15;31;44;67
3843;12;23;49;63
3844;17;29;56;59
3845;17;24;46;58
3846;15;28;43;56
3847;17;26;42;56
3848;16;35;52;62
3849;11;23;49;56
3850;11;29;56;66
3851;11;34;45;60
3852;12;30;50;65
3853;14;28;54;59
3854;16;32;45;68
3855;15;28;42;67
3856;17;24;49;56
3857;12;28;47;67
3858;15;28;52;69
3859;14;31;48;62
3860;17;22;49;66
3861;12;23;53;67
3862;13;31;46;65
3863;12;24;46;60
3864;11;21;56;57
3865;14;32;42;64
3866;16;26;47;68
3867;16;30;53;60
3868;15;35;52;56
3869;11;33;56;69
3870;12;26;54;66
3871;17;32;43;68
3872;17;30;47;60
3873;17;34;53;60
3874;12;28;43;57
3875;17;35;46;65
3876;16;29;42;65
3877;11;29;43;59
3878;13;27;56;56
3879;16;23;54;56
3880;14;23;54;57
3881;12;25;43;67
3882;13;30;55;63
3883;12;21;46;61
3884;12;29;50;58
3885;16;31;50;70
3886;17;29;54;65
3887;15;27;44;64
3888;17;21;56;67
3889;16;33;43;58
3890;13;23;54;61
3891;13;22;43;70
3892;15;30;52;63
3893;13;30;50;69
3894;12;27;48;56
3895;11;23;55;63
3896;14;23;47;70
3897;15;28;50;57
3898;12;31;47;70
3899;12;22;47;59
3900;11;27;53;66
3901;13;21;50;70
3902;12;23;47;56
3903;16;35;42;66
3904;15;21;55;60
3905;12;24;56;56
3906;11;21;49;69
3907;13;25;53;68
3908;14;35;53;63
3909;13;28;47;67
3910;13;22;52;63
3911;16;25;55;69
3912;13;26;53;58
3913;11;33;53;67
3914;11;26;45;67
3915;15;27;55;67
3916;15;33;55;64
3917;14;25;55;58
3918;16;22;43;59
3919;13;32;51;65
3920;15;25;47;57
3921;14;34;42;69
3922;15;30;50;64
3923;14;33;45;59
3924;13;31;48;67
3925;14;24;53;67
3926;13;22;44;60
3927;15;28;46;69
3928;16;22;45;65
3929;11;33;46;56
3930;13;32;49;62
3931;11;30;50;65
3932;16;23;47;64
3933;14;29;45;56
3934;11;24;45;62
3935;15;27;45;56
3936;11;31;50;65
3937;16;30;44;62
3938;14;33;54;60
3939;14;28;55;67
3940;12;35;54;70
3941;14;24;47;67
3942;13;28;53;58
3943;13;26;42;56
3944;11;25;44;57
3945;12;30;44;63
3946;17;26;48;61
3947;13;28;55;66
3948;12;22;51;62
3949;13;32;45;59
3950;15;31;42;66
3951;13;22;48;62
3952;11;21;47;59
3953;11;22;49;59
3954;14;30;45;56
3955;11;30;45;60
3956;17;24;48;66
3957;12;21;50;62
3958;12;30;50;67
3959;15;23;46;63
3960;17;30;52;56
3961;13;21;47;68
3962;14;25;42;68
3963;11;34;52;64
3964;11;21;47;70
3965;15;22;43;58
3966;14;30;54;66
3967;17;23;52;63
3968;12;28;49;67
3969;14;27;55;65
3970;12;30;52;58
3971;12;30;44;70
3972;15;26;48;69
3973;16;31;52;59
3974;12;23;42;60
3975;16;25;50;68
3976;15;27;50;62
3977;17;22;52;60
3978;12;25;48;69
3979;17;26;47;70
3980;12;32;54;68
3981;11;34;45;70
3982;11;25;48;69
3983;16;33;53;70
3984;14;30;47;64
3985;15;32;56;68
3986;15;25;52;70
3987;11;32;43;62
3988;14;27;46;68
3989;12;35;54;56
3990;13;27;48;59
3991;12;26;53;66
3992;15;25;43;64
3993;17;32;46;56
3994;16;22;56;66
3995;12;32;56;60
3996;17;26;46;56
3997;14;27;50;61
3998;15;25;52;57
3999;12;32;50;63
4000;11;22;49;57